Time (years),ComCat Data,Simulation Mean,Simulation Median,Simulation Mode,Simulation Minimum,Simulation Maximum,2.5 %-ile,16 %-ile,84 %-ile,97.5 %-ile
0.0,0.0,0.0,0.0,0.0,0.0,0.0,0.0,0.0,0.0,0.0
0.004202006,0.0,0.228,0.0,0.0,0.0,80.0,0.0,0.0,0.0,2.0
0.008404012,0.0,0.5046,0.0,0.0,0.0,187.0,0.0,0.0,1.0,2.0
0.012606018,1.0,0.7573,0.0,0.0,0.0,284.0,0.0,0.0,1.0,3.0
0.016808024,1.0,1.0082,0.0,0.0,0.0,326.0,0.0,0.0,2.0,4.0
0.02101003,1.0,1.2804,1.0,0.0,0.0,346.0,0.0,0.0,2.0,5.0
0.025212036,1.0,1.5445,1.0,0.0,0.0,370.0,0.0,0.0,2.0,6.0
0.029414043,1.0,1.8481,1.0,0.0,0.0,379.0,0.0,0.0,3.0,6.0
0.033616047,1.0,2.1213,1.0,1.0,0.0,481.0,0.0,0.0,3.0,7.0
0.037818056,1.0,2.3927,1.0,1.0,0.0,518.0,0.0,0.0,3.0,8.0
0.04202006,1.0,2.6714,2.0,1.0,0.0,547.0,0.0,0.0,4.0,9.0
0.04622207,1.0,2.9406,2.0,1.0,0.0,566.0,0.0,0.0,4.0,10.0
0.050424073,2.0,3.2031,2.0,1.0,0.0,578.0,0.0,1.0,4.0,10.0
0.054626077,2.0,3.4894,2.0,2.0,0.0,587.0,0.0,1.0,5.0,11.0
0.058828086,2.0,3.7562,2.0,2.0,0.0,609.0,0.0,1.0,5.0,12.0
0.063030094,2.0,4.0769,3.0,2.0,0.0,621.0,0.0,1.0,5.0,12.0
0.067232095,2.0,4.3858,3.0,2.0,0.0,630.0,0.0,1.0,6.0,13.0
0.0714341,2.0,4.652,3.0,2.0,0.0,638.0,0.0,1.0,6.0,14.0
0.07563611,2.0,4.9451,3.0,2.0,0.0,649.0,0.0,1.0,6.0,15.0
0.07983811,2.0,5.2573,3.0,2.0,0.0,657.0,0.0,1.0,7.0,15.0
0.08404012,2.0,5.5538,4.0,2.0,0.0,761.0,0.0,2.0,7.0,16.0
0.08824213,2.0,5.8437,4.0,3.0,0.0,843.0,0.0,2.0,7.0,17.0
0.09244414,2.0,6.104,4.0,4.0,0.0,891.0,0.0,2.0,7.0,17.0
0.09664614,2.0,6.3594,4.0,4.0,0.0,924.0,0.0,2.0,8.0,18.0
0.100848146,2.0,6.6514,4.0,4.0,0.0,961.0,1.0,2.0,8.0,19.0
0.105050154,2.0,6.939,5.0,4.0,0.0,978.0,1.0,2.0,8.0,20.0
0.109252155,2.0,7.2297,5.0,4.0,0.0,1008.0,1.0,2.0,9.0,21.0
0.11345416,2.0,7.5063,5.0,4.0,0.0,1051.0,1.0,3.0,9.0,22.0
0.11765617,2.0,7.7814,5.0,4.0,0.0,1075.0,1.0,3.0,9.0,23.0
0.12185818,2.0,8.0702,6.0,4.0,0.0,1086.0,1.0,3.0,10.0,24.0
0.12606019,2.0,8.3241,6.0,5.0,0.0,1100.0,1.0,3.0,10.0,25.0
0.13026218,2.0,8.5945,6.0,5.0,0.0,1116.0,1.0,3.0,10.0,26.0
0.13446419,2.0,8.8574,6.0,5.0,0.0,1122.0,1.0,3.0,11.0,27.0
0.1386662,2.0,9.1165,6.0,6.0,0.0,1138.0,1.0,3.0,11.0,28.0
0.1428682,2.0,9.4449,7.0,6.0,0.0,1153.0,1.0,4.0,11.0,29.0
0.14707021,2.0,9.7425,7.0,6.0,0.0,1167.0,2.0,4.0,12.0,30.0
0.15127222,2.0,10.0344,7.0,6.0,0.0,1184.0,2.0,4.0,12.0,31.0
0.15547423,2.0,10.3341,7.0,6.0,0.0,1190.0,2.0,4.0,12.0,33.0
0.15967622,2.0,10.6154,7.0,6.0,0.0,1195.0,2.0,4.0,12.0,33.0
0.16387823,2.0,10.9253,8.0,6.0,0.0,1203.0,2.0,4.0,13.0,35.0
0.16808024,2.0,11.2134,8.0,6.0,0.0,1211.0,2.0,5.0,13.0,36.0
0.17228225,2.0,11.5522,8.0,6.0,0.0,1220.0,2.0,5.0,13.0,37.0
0.17648426,2.0,11.8723,8.0,7.0,0.0,1232.0,2.0,5.0,14.0,38.0
0.18068627,2.0,12.1542,9.0,7.0,0.0,1239.0,2.0,5.0,14.0,39.0
0.18488827,3.0,12.4268,9.0,7.0,0.0,1245.0,3.0,5.0,14.0,40.0
0.18909027,3.0,12.7117,9.0,7.0,0.0,1248.0,3.0,5.0,15.0,41.0
0.19329228,3.0,12.9847,9.0,7.0,0.0,1252.0,3.0,6.0,15.0,42.0
0.19749428,3.0,13.3062,9.0,9.0,0.0,1263.0,3.0,6.0,15.0,43.0
0.20169629,3.0,13.5946,10.0,9.0,0.0,1265.0,3.0,6.0,16.0,43.0
0.2058983,3.0,13.8626,10.0,9.0,0.0,1266.0,3.0,6.0,16.0,44.0
0.21010031,3.0,14.2056,10.0,9.0,0.0,1272.0,3.0,6.0,16.0,45.0
0.21430232,3.0,14.5287,10.0,9.0,0.0,1275.0,4.0,6.0,17.0,47.0
0.21850431,3.0,14.8365,11.0,9.0,0.0,1279.0,4.0,7.0,17.0,47.0
0.22270632,3.0,15.1138,11.0,9.0,0.0,1284.0,4.0,7.0,17.0,49.0
0.22690833,3.0,15.3805,11.0,10.0,0.0,1291.0,4.0,7.0,18.0,49.0
0.23111033,3.0,15.642,11.0,10.0,0.0,1293.0,4.0,7.0,18.0,50.0
0.23531234,3.0,15.904,11.0,10.0,0.0,1298.0,4.0,7.0,18.0,51.0
0.23951435,3.0,16.1861,12.0,10.0,0.0,1303.0,4.0,7.0,19.0,52.0
0.24371636,3.0,16.5362,12.0,10.0,0.0,1309.0,4.0,8.0,19.0,53.0
0.24791835,3.0,16.8063,12.0,11.0,0.0,1318.0,4.0,8.0,19.0,54.0
0.25212038,3.0,17.0951,12.0,10.0,0.0,1324.0,5.0,8.0,20.0,56.0
0.25632238,3.0,17.3963,12.0,10.0,0.0,1325.0,5.0,8.0,20.0,57.0
0.26052436,4.0,17.7113,13.0,10.0,0.0,1326.0,5.0,8.0,20.0,58.0
0.26472637,4.0,18.0285,13.0,10.0,0.0,1330.0,5.0,8.0,21.0,60.0
0.26892838,4.0,18.3952,13.0,11.0,0.0,1333.0,5.0,9.0,21.0,61.0
0.2731304,4.0,18.7625,13.0,12.0,0.0,1336.0,5.0,9.0,21.0,62.0
0.2773324,4.0,19.1049,14.0,12.0,0.0,1337.0,5.0,9.0,22.0,63.0
0.2815344,4.0,19.4008,14.0,12.0,0.0,1341.0,5.0,9.0,22.0,64.0
0.2857364,4.0,19.713,14.0,12.0,0.0,1344.0,6.0,9.0,22.0,66.0
0.28993842,4.0,20.0211,14.0,12.0,0.0,1348.0,6.0,9.0,23.0,66.0
0.29414043,4.0,20.2976,15.0,12.0,0.0,1348.0,6.0,10.0,23.0,67.0
0.29834244,4.0,20.5842,15.0,12.0,0.0,1349.0,6.0,10.0,23.0,68.0
0.30254444,4.0,20.8742,15.0,14.0,0.0,1354.0,6.0,10.0,24.0,69.0
0.30674645,4.0,21.19,15.0,14.0,0.0,1358.0,6.0,10.0,24.0,69.0
0.31094846,4.0,21.4802,15.0,14.0,1.0,1367.0,6.0,10.0,24.0,70.0
0.31515047,4.0,21.7758,16.0,14.0,1.0,1371.0,7.0,10.0,25.0,71.0
0.31935245,4.0,22.0586,16.0,14.0,1.0,1371.0,7.0,11.0,25.0,72.0
0.32355446,4.0,22.443,16.0,15.0,1.0,1374.0,7.0,11.0,25.0,73.0
0.32775646,4.0,22.7504,16.0,14.0,1.0,1375.0,7.0,11.0,26.0,73.0
0.33195847,4.0,23.0233,17.0,15.0,1.0,1377.0,7.0,11.0,26.0,75.0
0.33616048,4.0,23.31,17.0,15.0,1.0,1380.0,7.0,11.0,26.0,76.0
0.3403625,4.0,23.5982,17.0,15.0,2.0,1383.0,7.0,12.0,27.0,77.0
0.3445645,4.0,23.9164,17.0,15.0,2.0,1386.0,8.0,12.0,27.0,79.0
0.3487665,5.0,24.2092,17.0,15.0,2.0,1386.0,8.0,12.0,27.0,80.0
0.3529685,6.0,24.5123,18.0,17.0,2.0,1391.0,8.0,12.0,28.0,80.0
0.35717052,7.0,24.7962,18.0,17.0,2.0,1397.0,8.0,12.0,28.0,80.0
0.36137253,7.0,25.0765,18.0,17.0,3.0,1399.0,8.0,12.0,28.0,81.0
0.36557454,7.0,25.353,18.0,16.0,3.0,1400.0,8.0,13.0,29.0,81.0
0.36977655,7.0,25.6569,19.0,17.0,3.0,1401.0,8.0,13.0,29.0,82.0
0.37397856,7.0,25.9464,19.0,17.0,3.0,1402.0,9.0,13.0,29.0,83.0
0.37818053,7.0,26.2273,19.0,17.0,3.0,1406.0,9.0,13.0,30.0,84.0
0.38238254,7.0,26.5161,19.0,17.0,3.0,1410.0,9.0,13.0,30.0,85.0
0.38658455,7.0,26.795,20.0,17.0,3.0,1413.0,9.0,13.0,30.0,87.0
0.39078656,7.0,27.1155,20.0,17.0,3.0,1419.0,9.0,14.0,31.0,87.0
0.39498857,7.0,27.4213,20.0,17.0,4.0,1420.0,9.0,14.0,31.0,88.0
0.39919057,7.0,27.7418,20.0,17.0,4.0,1422.0,10.0,14.0,31.0,92.0
0.40339258,7.0,28.052,20.0,17.0,4.0,1422.0,10.0,14.0,32.0,93.0
0.4075946,7.0,28.3362,21.0,19.0,4.0,1423.0,10.0,14.0,32.0,93.0
0.4117966,7.0,28.6142,21.0,19.0,4.0,1425.0,10.0,15.0,33.0,93.0
0.4159986,7.0,28.9039,21.0,19.0,4.0,1458.0,10.0,15.0,33.0,94.0
0.42020062,7.0,29.1921,21.0,19.0,4.0,1471.0,10.0,15.0,33.0,95.0
0.42440262,7.0,29.4955,22.0,20.0,4.0,1479.0,10.0,15.0,34.0,96.0
0.42860463,7.0,29.7763,22.0,20.0,4.0,1482.0,10.0,15.0,34.0,97.0
0.4328066,7.0,30.0596,22.0,20.0,5.0,1486.0,11.0,16.0,34.0,97.0
0.43700862,7.0,30.3427,22.0,20.0,5.0,1488.0,11.0,16.0,35.0,98.0
0.44121063,7.0,30.6485,23.0,20.0,5.0,1489.0,11.0,16.0,35.0,99.0
0.44541264,7.0,30.9345,23.0,20.0,5.0,1491.0,11.0,16.0,35.0,99.0
0.44961464,7.0,31.2211,23.0,20.0,5.0,1495.0,11.0,16.0,36.0,101.0
0.45381665,7.0,31.5367,23.0,20.0,5.0,1500.0,11.0,16.0,36.0,101.0
0.45801866,7.0,31.8309,23.0,21.0,5.0,1505.0,12.0,17.0,36.0,102.0
0.46222067,7.0,32.1363,24.0,21.0,6.0,1507.0,12.0,17.0,37.0,103.0
0.46642268,7.0,32.4314,24.0,21.0,6.0,1512.0,12.0,17.0,37.0,104.0
0.4706247,7.0,32.7245,24.0,21.0,6.0,1512.0,12.0,17.0,37.0,106.0
0.4748267,7.0,33.0244,24.0,22.0,6.0,1514.0,12.0,17.0,38.0,106.0
0.4790287,7.0,33.3351,25.0,23.0,6.0,1520.0,12.0,18.0,38.0,106.0
0.4832307,7.0,33.6414,25.0,23.0,6.0,1523.0,13.0,18.0,38.0,107.0
0.48743272,7.0,33.941,25.0,23.0,6.0,1528.0,13.0,18.0,39.0,108.0
0.4916347,7.0,34.2832,25.0,23.0,6.0,1533.0,13.0,18.0,39.0,110.0
0.4958367,7.0,34.6156,26.0,23.0,6.0,1536.0,13.0,18.0,40.0,110.0
0.50003874,7.0,34.9399,26.0,23.0,6.0,1539.0,13.0,19.0,40.0,112.0
0.50424075,7.0,35.2658,26.0,23.0,6.0,1540.0,13.0,19.0,40.0,112.0
0.50844276,8.0,35.579,26.0,23.0,6.0,1540.0,14.0,19.0,41.0,113.0
0.51264477,8.0,35.8764,27.0,23.0,6.0,1544.0,14.0,19.0,41.0,113.0
0.5168468,8.0,36.172,27.0,23.0,6.0,1548.0,14.0,19.0,41.0,114.0
0.5210487,8.0,36.4725,27.0,23.0,6.0,1550.0,14.0,20.0,42.0,114.0
0.52525073,8.0,36.7709,27.0,23.0,6.0,1551.0,14.0,20.0,42.0,115.0
0.52945274,8.0,37.0515,27.0,23.0,6.0,1553.0,14.0,20.0,43.0,116.0
0.53365475,8.0,37.3383,28.0,23.0,6.0,1556.0,14.0,20.0,43.0,117.0
0.53785676,8.0,37.6366,28.0,23.0,6.0,1560.0,15.0,20.0,43.0,120.0
0.54205877,8.0,37.964,28.0,23.0,6.0,1561.0,15.0,20.0,44.0,120.0
0.5462608,8.0,38.2745,28.0,23.0,7.0,1562.0,15.0,21.0,44.0,121.0
0.5504628,8.0,38.5999,29.0,23.0,7.0,1567.0,15.0,21.0,44.0,123.0
0.5546648,8.0,38.9174,29.0,23.0,7.0,1567.0,15.0,21.0,45.0,123.0
0.5588668,8.0,39.2668,29.0,23.0,7.0,1569.0,15.0,21.0,45.0,124.0
0.5630688,9.0,39.582,30.0,25.0,7.0,1570.0,16.0,22.0,45.0,125.0
0.5672708,10.0,39.8907,30.0,25.0,7.0,1570.0,16.0,22.0,46.0,127.0
0.5714728,10.0,40.2202,30.0,25.0,7.0,1573.0,16.0,22.0,46.0,129.0
0.57567483,11.0,40.5539,30.0,29.0,7.0,1576.0,16.0,22.0,46.0,132.0
0.57987684,11.0,40.8526,30.0,29.0,7.0,1577.0,16.0,22.0,47.0,133.0
0.58407885,11.0,41.1867,31.0,29.0,7.0,1579.0,16.0,22.0,47.0,134.0
0.58828086,11.0,41.5448,31.0,29.0,8.0,1579.0,17.0,23.0,48.0,136.0
0.59248286,11.0,41.8978,31.0,29.0,8.0,1582.0,17.0,23.0,48.0,137.0
0.5966849,11.0,42.1955,32.0,29.0,8.0,1585.0,17.0,23.0,48.0,137.0
0.6008869,11.0,42.4865,32.0,29.0,8.0,1587.0,17.0,23.0,49.0,138.0
0.6050889,11.0,42.8081,32.0,29.0,8.0,1589.0,17.0,23.0,49.0,139.0
0.6092909,11.0,43.1289,32.0,29.0,8.0,1589.0,17.0,24.0,49.0,141.0
0.6134929,11.0,43.4328,32.0,29.0,8.0,1590.0,18.0,24.0,50.0,141.0
0.6176949,11.0,43.7595,33.0,29.0,8.0,1591.0,18.0,24.0,50.0,142.0
0.6218969,12.0,44.079,33.0,29.0,8.0,1592.0,18.0,24.0,51.0,145.0
0.62609893,12.0,44.3621,33.0,29.0,8.0,1595.0,18.0,24.0,51.0,145.0
0.63030094,12.0,44.7004,33.0,29.0,8.0,1602.0,18.0,25.0,51.0,145.0
0.6345029,12.0,45.0293,34.0,29.0,8.0,1603.0,18.0,25.0,52.0,146.0
0.6387049,12.0,45.3419,34.0,32.0,8.0,1605.0,19.0,25.0,52.0,147.0
0.6429069,12.0,45.6551,34.0,29.0,8.0,1606.0,19.0,25.0,53.0,147.0
0.6471089,12.0,45.9807,34.0,29.0,8.0,1606.0,19.0,25.0,53.0,148.0
0.6513109,12.0,46.3144,35.0,29.0,8.0,1606.0,19.0,26.0,53.0,149.0
0.6555129,12.0,46.6298,35.0,29.0,8.0,1606.0,19.0,26.0,54.0,153.0
0.65971494,13.0,46.9242,35.0,29.0,8.0,1607.0,19.0,26.0,54.0,154.0
0.66391695,13.0,47.2054,36.0,29.0,9.0,1608.0,20.0,26.0,54.0,155.0
0.66811895,13.0,47.5481,36.0,30.0,9.0,1610.0,20.0,26.0,55.0,156.0
0.67232096,13.0,47.8527,36.0,30.0,9.0,1611.0,20.0,27.0,55.0,157.0
0.676523,13.0,48.1647,36.0,30.0,9.0,1612.0,20.0,27.0,56.0,158.0
0.680725,13.0,48.4787,37.0,30.0,9.0,1615.0,20.0,27.0,56.0,159.0
0.684927,13.0,48.7983,37.0,30.0,9.0,1616.0,20.0,27.0,56.0,161.0
0.689129,13.0,49.1185,37.0,30.0,9.0,1618.0,21.0,27.0,57.0,162.0
0.693331,13.0,49.4321,37.0,30.0,9.0,1621.0,21.0,28.0,57.0,162.0
0.697533,13.0,49.7358,37.0,30.0,9.0,1621.0,21.0,28.0,58.0,162.0
0.701735,13.0,50.0303,38.0,30.0,9.0,1623.0,21.0,28.0,58.0,162.0
0.705937,13.0,50.3479,38.0,36.0,9.0,1623.0,21.0,28.0,58.0,163.0
0.71013904,13.0,50.6736,38.0,35.0,10.0,1625.0,21.0,28.0,59.0,165.0
0.71434104,13.0,50.9924,38.0,35.0,10.0,1626.0,22.0,29.0,59.0,165.0
0.71854305,13.0,51.3048,39.0,35.0,10.0,1627.0,22.0,29.0,59.0,166.0
0.72274506,13.0,51.6271,39.0,35.0,10.0,1627.0,22.0,29.0,60.0,167.0
0.72694707,13.0,51.9443,39.0,35.0,10.0,1627.0,22.0,29.0,60.0,168.0
0.7311491,13.0,52.2546,40.0,33.0,10.0,1628.0,22.0,29.0,60.0,170.0
0.7353511,13.0,52.5675,40.0,33.0,10.0,1628.0,23.0,30.0,61.0,171.0
0.7395531,13.0,52.8663,40.0,37.0,10.0,1629.0,23.0,30.0,61.0,172.0
0.7437551,13.0,53.1711,40.0,37.0,10.0,1629.0,23.0,30.0,62.0,173.0
0.7479571,13.0,53.4806,40.0,37.0,10.0,1629.0,23.0,30.0,62.0,173.0
0.75215906,13.0,53.7799,41.0,37.0,10.0,1631.0,23.0,30.0,62.0,174.0
0.75636107,13.0,54.0741,41.0,37.0,10.0,1631.0,23.0,31.0,63.0,175.0
0.7605631,13.0,54.3684,41.0,37.0,10.0,1631.0,24.0,31.0,63.0,175.0
0.7647651,13.0,54.7007,41.0,37.0,10.0,1633.0,24.0,31.0,64.0,175.0
0.7689671,13.0,55.0491,42.0,39.0,10.0,1633.0,24.0,31.0,64.0,177.0
0.7731691,13.0,55.3574,42.0,39.0,10.0,1633.0,24.0,32.0,64.0,177.0
0.7773711,13.0,55.6887,42.0,39.0,10.0,1633.0,24.0,32.0,65.0,178.0
0.7815731,13.0,56.0196,42.0,39.0,10.0,1636.0,24.0,32.0,65.0,179.0
0.7857751,13.0,56.3303,43.0,39.0,11.0,1640.0,25.0,32.0,65.0,180.0
0.78997713,13.0,56.6669,43.0,37.0,11.0,1641.0,25.0,32.0,66.0,181.0
0.79417914,13.0,57.0166,43.0,35.0,11.0,1641.0,25.0,32.0,66.0,182.0
0.79838115,13.0,57.3342,43.0,37.0,11.0,1642.0,25.0,33.0,67.0,183.0
0.80258316,13.0,57.6586,43.0,37.0,11.0,1643.0,25.0,33.0,67.0,184.0
0.80678517,13.0,57.9542,44.0,41.0,11.0,1648.0,25.0,33.0,67.0,185.0
0.8109872,13.0,58.2757,44.0,37.0,11.0,1651.0,25.0,33.0,68.0,186.0
0.8151892,13.0,58.5853,44.0,38.0,11.0,1651.0,26.0,33.0,68.0,187.0
0.8193912,13.0,58.895,45.0,38.0,12.0,1651.0,26.0,34.0,69.0,187.0
0.8235932,13.0,59.1912,45.0,38.0,12.0,1653.0,26.0,34.0,69.0,188.0
0.8277952,13.0,59.4948,45.0,42.0,12.0,1654.0,26.0,34.0,69.0,189.0
0.8319972,13.0,59.7881,45.0,39.0,12.0,1655.0,26.0,34.0,70.0,190.0
0.8361992,13.0,60.0859,45.0,42.0,12.0,1656.0,27.0,34.0,70.0,190.0
0.84040123,14.0,60.3945,46.0,42.0,12.0,1656.0,27.0,35.0,71.0,193.0
0.84460324,14.0,60.7109,46.0,42.0,12.0,1658.0,27.0,35.0,71.0,193.0
0.84880525,14.0,60.9994,46.0,42.0,12.0,1660.0,27.0,35.0,71.0,193.0
0.85300726,14.0,61.2868,47.0,42.0,12.0,1663.0,27.0,35.0,71.0,195.0
0.85720927,14.0,61.5928,47.0,42.0,12.0,1663.0,27.0,35.0,72.0,196.0
0.8614113,14.0,61.8919,47.0,44.0,12.0,1663.0,28.0,36.0,72.0,197.0
0.8656132,14.0,62.1729,47.0,44.0,14.0,1666.0,28.0,36.0,73.0,197.0
0.86981523,14.0,62.4525,48.0,41.0,14.0,1666.0,28.0,36.0,73.0,197.0
0.87401724,14.0,62.7459,48.0,43.0,14.0,1668.0,28.0,36.0,73.0,200.0
0.87821925,14.0,63.0624,48.0,43.0,14.0,1668.0,28.0,37.0,74.0,200.0
0.88242126,14.0,63.366,48.0,43.0,14.0,1668.0,28.0,37.0,74.0,201.0
0.88662326,15.0,63.6526,49.0,41.0,14.0,1669.0,29.0,37.0,74.0,202.0
0.8908253,15.0,63.9273,49.0,45.0,14.0,1669.0,29.0,37.0,74.0,202.0
0.8950273,15.0,64.2331,49.0,45.0,14.0,1670.0,29.0,37.0,75.0,202.0
0.8992293,15.0,64.5193,49.0,45.0,14.0,1670.0,29.0,38.0,75.0,203.0
0.9034313,15.0,64.857,50.0,45.0,14.0,1672.0,29.0,38.0,76.0,206.0
0.9076333,16.0,65.1584,50.0,41.0,14.0,1674.0,29.0,38.0,76.0,206.0
0.9118353,16.0,65.4668,50.0,41.0,15.0,1674.0,30.0,38.0,77.0,206.0
0.9160373,16.0,65.7925,50.0,44.0,15.0,1677.0,30.0,38.0,77.0,207.0
0.9202393,16.0,66.0967,51.0,45.0,15.0,1678.0,30.0,38.0,77.0,207.0
0.92444134,16.0,66.4072,51.0,45.0,16.0,1680.0,30.0,39.0,78.0,209.0
0.92864335,17.0,66.7261,51.0,45.0,16.0,1684.0,30.0,39.0,78.0,210.0
0.93284535,17.0,67.0223,51.0,45.0,16.0,1684.0,31.0,39.0,79.0,210.0
0.93704736,17.0,67.3321,52.0,45.0,16.0,1684.0,31.0,39.0,79.0,211.0
0.9412494,17.0,67.6779,52.0,47.0,17.0,1687.0,31.0,39.0,80.0,211.0
0.9454514,17.0,68.0115,52.0,46.0,17.0,1688.0,31.0,40.0,80.0,213.0
0.9496534,17.0,68.3471,52.0,48.0,17.0,1688.0,31.0,40.0,80.0,213.0
0.9538554,17.0,68.6653,53.0,48.0,18.0,1688.0,31.0,40.0,81.0,214.0
0.9580574,17.0,68.968,53.0,48.0,18.0,1689.0,32.0,40.0,81.0,215.0
0.9622594,17.0,69.2572,53.0,48.0,18.0,1689.0,32.0,41.0,82.0,217.0
0.9664614,17.0,69.6117,53.0,48.0,19.0,1691.0,32.0,41.0,82.0,218.0
0.9706634,17.0,69.9547,54.0,45.0,19.0,1691.0,32.0,41.0,83.0,218.0
0.97486544,17.0,70.278,54.0,48.0,20.0,1692.0,32.0,41.0,83.0,220.0
0.9790674,17.0,70.59,54.0,48.0,20.0,1695.0,32.0,41.0,83.0,220.0
0.9832694,17.0,70.9261,54.0,48.0,21.0,1695.0,32.0,42.0,84.0,221.0
0.9874714,17.0,71.2529,55.0,51.0,21.0,1698.0,33.0,42.0,84.0,223.0
0.9916734,17.0,71.5444,55.0,49.0,21.0,1699.0,33.0,42.0,84.0,223.0
0.9958754,17.0,71.8288,55.0,51.0,21.0,1701.0,33.0,42.0,85.0,224.0
1.0000775,17.0,72.1233,55.0,51.0,21.0,1701.0,33.0,42.0,85.0,225.0
1.0042795,17.0,72.4255,56.0,51.0,21.0,1701.0,33.0,43.0,86.0,225.0
1.0084815,17.0,72.7269,56.0,50.0,21.0,1701.0,34.0,43.0,86.0,226.0
1.0126835,17.0,73.0254,56.0,50.0,21.0,1705.0,34.0,43.0,87.0,226.0
1.0168855,17.0,73.3522,56.0,50.0,21.0,1706.0,34.0,43.0,87.0,227.0
1.0210875,17.0,73.6349,57.0,51.0,21.0,1706.0,34.0,43.0,87.0,227.0
1.0252895,17.0,73.9163,57.0,51.0,21.0,1710.0,35.0,44.0,88.0,228.0
1.0294915,17.0,74.2086,57.0,51.0,21.0,1710.0,35.0,44.0,88.0,228.0
1.0336936,18.0,74.5061,57.0,52.0,23.0,1712.0,35.0,44.0,88.0,229.0
1.0378954,18.0,74.8168,58.0,51.0,23.0,1712.0,35.0,44.0,89.0,230.0
1.0420974,19.0,75.1077,58.0,51.0,23.0,1712.0,35.0,44.0,89.0,231.0
1.0462995,19.0,75.389,58.0,52.0,23.0,1713.0,35.0,45.0,90.0,233.0
1.0505015,19.0,75.6848,58.0,48.0,23.0,1714.0,35.0,45.0,90.0,234.0
1.0547035,19.0,75.9682,59.0,53.0,23.0,1715.0,36.0,45.0,90.0,234.0
1.0589055,19.0,76.2685,59.0,53.0,23.0,1716.0,36.0,45.0,91.0,234.0
1.0631075,19.0,76.5656,59.0,53.0,23.0,1716.0,36.0,46.0,91.0,235.0
1.0673095,19.0,76.8693,59.0,54.0,23.0,1717.0,36.0,46.0,91.0,236.0
1.0715115,19.0,77.1736,60.0,55.0,23.0,1717.0,36.0,46.0,92.0,236.0
1.0757135,19.0,77.4719,60.0,55.0,23.0,1717.0,37.0,46.0,92.0,238.0
1.0799155,19.0,77.771,60.0,55.0,23.0,1718.0,37.0,46.0,92.0,238.0
1.0841175,19.0,78.1135,60.0,52.0,23.0,1719.0,37.0,47.0,93.0,239.0
1.0883195,20.0,78.4035,61.0,55.0,23.0,1719.0,37.0,47.0,93.0,240.0
1.0925215,22.0,78.7097,61.0,52.0,23.0,1720.0,37.0,47.0,93.0,241.0
1.0967236,22.0,79.012,61.0,52.0,23.0,1720.0,37.0,47.0,94.0,241.0
1.1009256,22.0,79.3302,61.0,58.0,23.0,1722.0,38.0,48.0,94.0,241.0
1.1051276,22.0,79.6489,62.0,58.0,23.0,1723.0,38.0,48.0,95.0,242.0
1.1093296,22.0,79.9424,62.0,58.0,23.0,1724.0,38.0,48.0,95.0,243.0
1.1135316,22.0,80.2442,62.0,57.0,23.0,1724.0,38.0,48.0,96.0,244.0
1.1177336,22.0,80.5453,62.0,59.0,23.0,1724.0,38.0,48.0,96.0,244.0
1.1219356,22.0,80.8774,63.0,59.0,23.0,1725.0,38.0,49.0,97.0,245.0
1.1261376,22.0,81.208,63.0,59.0,23.0,1725.0,38.0,49.0,97.0,247.0
1.1303396,22.0,81.527,63.0,59.0,23.0,1725.0,39.0,49.0,98.0,247.0
1.1345416,22.0,81.8685,64.0,59.0,23.0,1726.0,39.0,49.0,98.0,248.0
1.1387436,22.0,82.1689,64.0,60.0,23.0,1726.0,39.0,49.0,98.0,249.0
1.1429456,22.0,82.4599,64.0,57.0,23.0,1726.0,39.0,50.0,99.0,250.0
1.1471477,22.0,82.7429,64.0,59.0,23.0,1728.0,39.0,50.0,99.0,250.0
1.1513497,23.0,83.0528,65.0,62.0,23.0,1728.0,39.0,50.0,99.0,250.0
1.1555517,23.0,83.3548,65.0,62.0,23.0,1729.0,40.0,50.0,100.0,251.0
1.1597537,23.0,83.6249,65.0,55.0,23.0,1729.0,40.0,50.0,100.0,253.0
1.1639557,23.0,83.9092,65.0,55.0,23.0,1729.0,40.0,51.0,101.0,253.0
1.1681577,23.0,84.2096,66.0,55.0,23.0,1729.0,40.0,51.0,101.0,253.0
1.1723597,23.0,84.5032,66.0,55.0,23.0,1730.0,40.0,51.0,101.0,253.0
1.1765617,23.0,84.8076,66.0,55.0,23.0,1730.0,41.0,51.0,102.0,253.0
1.1807637,23.0,85.1202,66.0,61.0,23.0,1730.0,41.0,51.0,102.0,254.0
1.1849657,23.0,85.4273,67.0,61.0,23.0,1730.0,41.0,52.0,102.0,254.0
1.1891677,23.0,85.7444,67.0,55.0,24.0,1731.0,41.0,52.0,103.0,254.0
1.1933697,23.0,86.0512,67.0,59.0,27.0,1731.0,41.0,52.0,103.0,256.0
1.1975718,23.0,86.371,68.0,59.0,27.0,1731.0,42.0,52.0,103.0,256.0
1.2017738,23.0,86.6816,68.0,59.0,27.0,1732.0,42.0,53.0,104.0,257.0
1.2059758,23.0,87.013,68.0,59.0,27.0,1732.0,42.0,53.0,104.0,259.0
1.2101778,23.0,87.3128,68.0,59.0,27.0,1732.0,42.0,53.0,105.0,260.0
1.2143798,23.0,87.5998,69.0,64.0,27.0,1733.0,42.0,53.0,105.0,261.0
1.2185818,23.0,87.9103,69.0,60.0,27.0,1733.0,42.0,53.0,105.0,261.0
1.2227838,23.0,88.2393,69.0,60.0,28.0,1735.0,43.0,53.0,106.0,265.0
1.2269858,24.0,88.5318,69.0,63.0,28.0,1736.0,43.0,54.0,106.0,266.0
1.2311878,24.0,88.8548,70.0,60.0,28.0,1736.0,43.0,54.0,107.0,266.0
1.2353898,24.0,89.152,70.0,65.0,28.0,1739.0,43.0,54.0,108.0,267.0
1.2395918,24.0,89.4638,70.0,65.0,29.0,1743.0,43.0,54.0,108.0,268.0
1.2437938,24.0,89.8194,70.0,65.0,29.0,1743.0,44.0,54.0,108.0,269.0
1.2479959,24.0,90.155,71.0,62.0,29.0,1743.0,44.0,55.0,108.0,269.0
1.2521979,24.0,90.5009,71.0,69.0,29.0,1744.0,44.0,55.0,109.0,270.0
1.2563999,24.0,90.8441,71.0,69.0,29.0,1744.0,44.0,55.0,109.0,270.0
1.2606019,24.0,91.1601,71.0,65.0,29.0,1744.0,45.0,55.0,110.0,271.0
1.2648039,24.0,91.4887,72.0,62.0,29.0,1745.0,45.0,56.0,110.0,272.0
1.2690058,24.0,91.8185,72.0,62.0,30.0,1748.0,45.0,56.0,110.0,273.0
1.2732078,24.0,92.1216,72.0,62.0,30.0,1749.0,45.0,56.0,111.0,275.0
1.2774098,24.0,92.4299,72.0,63.0,30.0,1750.0,45.0,56.0,111.0,275.0
1.2816118,24.0,92.7458,73.0,63.0,30.0,1751.0,45.0,57.0,112.0,276.0
1.2858138,25.0,93.0772,73.0,66.0,30.0,1752.0,46.0,57.0,112.0,276.0
1.2900158,25.0,93.418,73.0,63.0,30.0,1752.0,46.0,57.0,113.0,277.0
1.2942178,25.0,93.7378,73.0,69.0,30.0,1752.0,46.0,57.0,113.0,278.0
1.2984198,25.0,94.038,74.0,66.0,30.0,1755.0,46.0,57.0,113.0,278.0
1.3026218,25.0,94.3459,74.0,69.0,30.0,1755.0,46.0,58.0,114.0,279.0
1.3068238,25.0,94.6475,74.0,69.0,31.0,1755.0,47.0,58.0,114.0,280.0
1.3110259,25.0,94.9514,75.0,66.0,32.0,1755.0,47.0,58.0,115.0,280.0
1.3152279,25.0,95.2422,75.0,66.0,32.0,1756.0,47.0,58.0,115.0,280.0
1.3194299,25.0,95.5373,75.0,60.0,32.0,1757.0,47.0,58.0,116.0,282.0
1.3236319,26.0,95.8613,75.0,69.0,32.0,1759.0,47.0,59.0,116.0,283.0
1.3278339,26.0,96.1943,76.0,61.0,32.0,1760.0,48.0,59.0,116.0,283.0
1.3320359,26.0,96.5563,76.0,70.0,32.0,1760.0,48.0,59.0,117.0,284.0
1.3362379,26.0,96.8762,76.0,70.0,32.0,1761.0,48.0,59.0,117.0,285.0
1.3404399,26.0,97.2291,76.0,64.0,32.0,1761.0,48.0,60.0,118.0,286.0
1.3446419,26.0,97.5508,77.0,64.0,32.0,1761.0,48.0,60.0,118.0,286.0
1.3488439,26.0,97.9247,77.0,70.0,32.0,1762.0,48.0,60.0,118.0,287.0
1.353046,26.0,98.2793,77.0,70.0,32.0,1763.0,48.0,60.0,119.0,288.0
1.357248,26.0,98.589,77.0,70.0,32.0,1763.0,49.0,60.0,119.0,289.0
1.36145,26.0,98.8991,78.0,70.0,32.0,1763.0,49.0,61.0,119.0,290.0
1.365652,26.0,99.2089,78.0,70.0,32.0,1764.0,49.0,61.0,120.0,290.0
1.369854,26.0,99.5284,78.0,70.0,32.0,1764.0,49.0,61.0,120.0,291.0
1.374056,26.0,99.8272,79.0,71.0,32.0,1764.0,49.0,61.0,121.0,292.0
1.378258,26.0,100.1365,79.0,64.0,32.0,1765.0,50.0,61.0,121.0,293.0
1.38246,26.0,100.4653,79.0,64.0,32.0,1765.0,50.0,61.0,122.0,293.0
1.386662,26.0,100.7737,79.0,71.0,32.0,1765.0,50.0,62.0,122.0,294.0
1.390864,26.0,101.0916,80.0,71.0,32.0,1767.0,50.0,62.0,123.0,294.0
1.395066,26.0,101.4474,80.0,71.0,32.0,1768.0,50.0,62.0,123.0,295.0
1.399268,26.0,101.8265,80.0,71.0,32.0,1768.0,51.0,62.0,123.0,296.0
1.40347,26.0,102.1361,80.0,71.0,32.0,1768.0,51.0,63.0,124.0,298.0
1.407672,26.0,102.4434,81.0,69.0,32.0,1770.0,51.0,63.0,124.0,299.0
1.411874,26.0,102.7574,81.0,72.0,32.0,1771.0,51.0,63.0,124.0,300.0
1.4160761,26.0,103.0816,81.0,72.0,33.0,1772.0,52.0,63.0,124.0,302.0
1.4202781,26.0,103.4354,82.0,73.0,36.0,1772.0,52.0,63.0,125.0,303.0
1.4244801,26.0,103.8162,82.0,73.0,37.0,1772.0,52.0,64.0,125.0,306.0
1.4286821,27.0,104.1439,82.0,73.0,37.0,1772.0,52.0,64.0,126.0,307.0
1.4328841,27.0,104.4781,82.0,73.0,37.0,1772.0,52.0,64.0,126.0,307.0
1.4370861,27.0,104.8283,83.0,73.0,37.0,1772.0,52.0,64.0,127.0,308.0
1.4412881,29.0,105.1558,83.0,73.0,37.0,1772.0,53.0,65.0,127.0,309.0
1.4454901,29.0,105.4909,83.0,73.0,37.0,1772.0,53.0,65.0,128.0,309.0
1.4496921,29.0,105.8108,83.0,74.0,37.0,1775.0,53.0,65.0,128.0,309.0
1.4538941,29.0,106.135,84.0,74.0,38.0,1775.0,53.0,65.0,128.0,310.0
1.4580961,29.0,106.481,84.0,74.0,38.0,1777.0,53.0,66.0,129.0,312.0
1.4622982,29.0,106.8699,84.0,74.0,38.0,1777.0,53.0,66.0,129.0,313.0
1.4665002,29.0,107.1942,85.0,74.0,38.0,1780.0,54.0,66.0,130.0,316.0
1.4707022,29.0,107.5378,85.0,74.0,38.0,1783.0,54.0,66.0,130.0,317.0
1.4749042,30.0,107.8665,85.0,74.0,38.0,1784.0,54.0,66.0,131.0,317.0
1.4791062,30.0,108.192,85.0,74.0,38.0,1784.0,54.0,67.0,131.0,318.0
1.4833082,30.0,108.5228,86.0,74.0,38.0,1784.0,54.0,67.0,131.0,318.0
1.4875102,30.0,108.8611,86.0,76.0,38.0,1784.0,55.0,67.0,132.0,320.0
1.4917122,30.0,109.1916,86.0,76.0,38.0,1785.0,55.0,67.0,132.0,320.0
1.4959142,30.0,109.5379,86.0,76.0,38.0,1785.0,55.0,68.0,133.0,321.0
1.5001161,30.0,109.8575,87.0,76.0,38.0,1786.0,55.0,68.0,133.0,321.0
1.5043181,30.0,110.1799,87.0,76.0,38.0,1786.0,55.0,68.0,134.0,322.0
1.5085201,51.0,110.5333,87.0,76.0,38.0,1790.0,55.0,68.0,134.0,323.0
1.5127221,118.0,110.8589,88.0,74.0,38.0,1791.0,56.0,68.0,135.0,324.0
1.5169241,118.0,111.1588,88.0,76.0,38.0,1791.0,56.0,69.0,135.0,325.0
1.5211262,120.0,111.4452,88.0,74.0,38.0,1791.0,56.0,69.0,135.0,325.0
1.5253282,127.0,111.7928,88.0,74.0,38.0,1793.0,56.0,69.0,136.0,326.0
1.5295302,128.0,112.1331,89.0,74.0,38.0,1793.0,56.0,69.0,136.0,327.0
1.5337322,128.0,112.438,89.0,74.0,38.0,1793.0,56.0,69.0,137.0,328.0
1.5379342,129.0,112.7573,89.0,74.0,38.0,1793.0,57.0,70.0,137.0,331.0
1.5421362,133.0,113.0734,89.0,74.0,38.0,1793.0,57.0,70.0,137.0,331.0
1.5463382,133.0,113.3886,90.0,84.0,38.0,1793.0,57.0,70.0,138.0,335.0
1.5505402,133.0,113.6871,90.0,84.0,39.0,1794.0,57.0,70.0,138.0,335.0
1.5547422,134.0,113.9768,90.0,84.0,39.0,1795.0,58.0,70.0,139.0,335.0
1.5589442,135.0,114.2986,90.0,84.0,39.0,1795.0,58.0,71.0,139.0,336.0
1.5631462,135.0,114.5999,90.0,84.0,40.0,1795.0,58.0,71.0,139.0,337.0
1.5673482,136.0,114.941,91.0,82.0,40.0,1795.0,58.0,71.0,140.0,338.0
1.5715503,136.0,115.2741,91.0,85.0,40.0,1795.0,58.0,71.0,140.0,339.0
1.5757523,136.0,115.5845,91.0,85.0,40.0,1795.0,59.0,71.0,141.0,339.0
1.5799543,136.0,115.8874,92.0,82.0,40.0,1796.0,59.0,72.0,141.0,340.0
1.5841563,136.0,116.2147,92.0,83.0,40.0,1797.0,59.0,72.0,142.0,340.0
1.5883583,136.0,116.5213,92.0,83.0,40.0,1797.0,59.0,72.0,142.0,342.0
1.5925603,136.0,116.8465,92.0,80.0,40.0,1797.0,59.0,72.0,142.0,343.0
1.5967623,136.0,117.1661,93.0,83.0,40.0,1797.0,60.0,73.0,143.0,344.0
1.6009643,136.0,117.4826,93.0,80.0,40.0,1798.0,60.0,73.0,143.0,345.0
1.6051663,136.0,117.8185,93.0,84.0,40.0,1799.0,60.0,73.0,144.0,347.0
1.6093683,136.0,118.1703,93.0,84.0,40.0,1799.0,60.0,73.0,144.0,347.0
1.6135703,136.0,118.5022,94.0,84.0,40.0,1800.0,60.0,73.0,145.0,349.0
1.6177723,136.0,118.8167,94.0,84.0,40.0,1800.0,60.0,74.0,145.0,350.0
1.6219743,136.0,119.134,94.0,84.0,41.0,1801.0,61.0,74.0,146.0,351.0
1.6261764,136.0,119.4634,95.0,84.0,41.0,1802.0,61.0,74.0,146.0,352.0
1.6303784,136.0,119.809,95.0,87.0,42.0,1805.0,61.0,74.0,146.0,353.0
1.6345804,136.0,120.1297,95.0,87.0,43.0,1808.0,61.0,75.0,147.0,353.0
1.6387824,136.0,120.4478,95.0,87.0,43.0,1809.0,61.0,75.0,147.0,354.0
1.6429844,138.0,120.7963,96.0,85.0,43.0,1809.0,62.0,75.0,147.0,354.0
1.6471864,138.0,121.0921,96.0,85.0,43.0,1810.0,62.0,75.0,148.0,355.0
1.6513884,138.0,121.4242,96.0,85.0,44.0,1811.0,62.0,76.0,148.0,356.0
1.6555904,138.0,121.7553,96.0,85.0,44.0,1812.0,62.0,76.0,149.0,356.0
1.6597924,138.0,122.0715,97.0,85.0,44.0,1813.0,62.0,76.0,149.0,357.0
1.6639944,138.0,122.4029,97.0,88.0,44.0,1813.0,63.0,76.0,150.0,358.0
1.6681964,138.0,122.7538,97.0,91.0,44.0,1813.0,63.0,76.0,150.0,358.0
1.6723984,138.0,123.1,98.0,89.0,44.0,1813.0,63.0,77.0,151.0,359.0
1.6766005,138.0,123.4324,98.0,88.0,44.0,1813.0,63.0,77.0,151.0,359.0
1.6808025,138.0,123.7663,98.0,88.0,44.0,1813.0,63.0,77.0,151.0,362.0
1.6850045,138.0,124.0868,98.0,88.0,44.0,1813.0,64.0,77.0,152.0,362.0
1.6892065,138.0,124.3988,99.0,91.0,44.0,1814.0,64.0,78.0,152.0,364.0
1.6934085,138.0,124.6992,99.0,86.0,44.0,1814.0,64.0,78.0,153.0,364.0
1.6976105,138.0,125.0521,99.0,90.0,44.0,1814.0,64.0,78.0,153.0,367.0
1.7018125,138.0,125.3815,99.0,85.0,44.0,1816.0,64.0,78.0,153.0,367.0
1.7060145,138.0,125.7212,100.0,85.0,44.0,1817.0,65.0,78.0,154.0,369.0
1.7102165,138.0,126.0558,100.0,94.0,44.0,1817.0,65.0,79.0,154.0,369.0
1.7144185,138.0,126.3701,100.0,89.0,44.0,1817.0,65.0,79.0,155.0,369.0
1.7186205,138.0,126.7108,101.0,88.0,44.0,1818.0,65.0,79.0,155.0,369.0
1.7228225,138.0,127.0451,101.0,90.0,44.0,1818.0,65.0,79.0,156.0,372.0
1.7270246,138.0,127.3554,101.0,95.0,44.0,1818.0,65.0,80.0,156.0,373.0
1.7312264,138.0,127.6674,101.0,92.0,44.0,1823.0,66.0,80.0,156.0,373.0
1.7354285,138.0,127.9806,102.0,89.0,44.0,1824.0,66.0,80.0,157.0,375.0
1.7396305,138.0,128.2867,102.0,90.0,44.0,1825.0,66.0,80.0,157.0,377.0
1.7438325,138.0,128.6365,102.0,90.0,44.0,1825.0,66.0,80.0,158.0,377.0
1.7480345,138.0,128.9397,103.0,91.0,44.0,1825.0,66.0,81.0,158.0,378.0
1.7522365,138.0,129.2873,103.0,87.0,44.0,1826.0,66.0,81.0,159.0,378.0
1.7564385,138.0,129.604,103.0,90.0,45.0,1826.0,67.0,81.0,159.0,380.0
1.7606405,138.0,129.9274,104.0,90.0,45.0,1826.0,67.0,81.0,159.0,382.0
1.7648425,138.0,130.2432,104.0,97.0,46.0,1827.0,67.0,82.0,160.0,383.0
1.7690445,138.0,130.555,104.0,97.0,47.0,1828.0,67.0,82.0,160.0,384.0
1.7732465,138.0,130.898,104.0,90.0,47.0,1828.0,67.0,82.0,161.0,387.0
1.7774485,138.0,131.2172,104.0,90.0,47.0,1828.0,67.0,82.0,161.0,388.0
1.7816505,138.0,131.5285,105.0,90.0,47.0,1829.0,68.0,83.0,161.0,388.0
1.7858526,139.0,131.8553,105.0,90.0,47.0,1830.0,68.0,83.0,162.0,388.0
1.7900546,140.0,132.2117,105.0,90.0,47.0,1831.0,68.0,83.0,162.0,390.0
1.7942566,140.0,132.5317,106.0,95.0,48.0,1831.0,68.0,83.0,163.0,390.0
1.7984586,140.0,132.8722,106.0,90.0,48.0,1832.0,68.0,83.0,163.0,390.0
1.8026606,140.0,133.2343,106.0,92.0,48.0,1832.0,68.0,84.0,164.0,394.0
1.8068626,140.0,133.5714,107.0,97.0,48.0,1833.0,69.0,84.0,164.0,396.0
1.8110646,140.0,133.8863,107.0,91.0,49.0,1834.0,69.0,84.0,165.0,397.0
1.8152666,140.0,134.2287,107.0,91.0,49.0,1834.0,69.0,84.0,165.0,397.0
1.8194686,140.0,134.5321,107.0,97.0,49.0,1834.0,69.0,84.0,166.0,398.0
1.8236706,140.0,134.8504,108.0,92.0,49.0,1836.0,70.0,85.0,166.0,398.0
1.8278726,140.0,135.178,108.0,88.0,49.0,1836.0,70.0,85.0,166.0,398.0
1.8320746,140.0,135.4959,108.0,98.0,49.0,1836.0,70.0,85.0,167.0,400.0
1.8362767,140.0,135.8111,108.0,98.0,50.0,1837.0,70.0,85.0,167.0,400.0
1.8404787,141.0,136.1238,109.0,98.0,50.0,1837.0,70.0,86.0,168.0,400.0
1.8446807,141.0,136.4129,109.0,98.0,50.0,1837.0,71.0,86.0,168.0,400.0
1.8488827,141.0,136.7228,109.0,98.0,50.0,1837.0,71.0,86.0,168.0,402.0
1.8530847,141.0,137.0897,110.0,98.0,50.0,1843.0,71.0,86.0,169.0,405.0
1.8572867,141.0,137.4011,110.0,91.0,51.0,1844.0,71.0,87.0,169.0,405.0
1.8614887,141.0,137.7255,110.0,97.0,51.0,1844.0,71.0,87.0,170.0,405.0
1.8656907,141.0,138.0279,110.0,94.0,51.0,1844.0,71.0,87.0,170.0,406.0
1.8698927,141.0,138.3559,111.0,100.0,52.0,1844.0,72.0,87.0,171.0,407.0
1.8740947,141.0,138.6715,111.0,94.0,52.0,1844.0,72.0,87.0,171.0,407.0
1.8782967,141.0,138.9906,111.0,94.0,52.0,1848.0,72.0,88.0,171.0,407.0
1.8824987,141.0,139.2947,111.0,99.0,52.0,1848.0,72.0,88.0,172.0,408.0
1.8867007,141.0,139.6257,112.0,100.0,52.0,1848.0,73.0,88.0,172.0,408.0
1.8909028,141.0,139.9473,112.0,92.0,52.0,1850.0,73.0,88.0,172.0,409.0
1.8951048,141.0,140.2867,112.0,93.0,52.0,1850.0,73.0,89.0,173.0,410.0
1.8993068,141.0,140.684,112.0,101.0,52.0,1852.0,73.0,89.0,173.0,411.0
1.9035088,141.0,141.0718,113.0,93.0,52.0,1853.0,73.0,89.0,173.0,415.0
1.9077108,141.0,141.4024,113.0,102.0,52.0,1853.0,73.0,89.0,174.0,415.0
1.9119128,142.0,141.7352,113.0,99.0,52.0,1853.0,73.0,89.0,174.0,416.0
1.9161148,142.0,142.1292,113.0,102.0,53.0,1853.0,74.0,90.0,174.0,416.0
1.9203168,142.0,142.4722,114.0,93.0,53.0,1855.0,74.0,90.0,175.0,417.0
1.9245188,142.0,142.8124,114.0,94.0,53.0,1855.0,74.0,90.0,175.0,418.0
1.9287208,142.0,143.1515,114.0,99.0,53.0,1857.0,74.0,90.0,176.0,419.0
1.9329228,142.0,143.4848,115.0,94.0,53.0,1859.0,75.0,91.0,176.0,419.0
1.9371248,142.0,143.8579,115.0,103.0,53.0,1859.0,75.0,91.0,177.0,422.0
1.9413269,142.0,144.1781,115.0,103.0,53.0,1859.0,75.0,91.0,177.0,422.0
1.9455289,142.0,144.5174,115.0,103.0,53.0,1859.0,75.0,91.0,177.0,423.0
1.9497309,142.0,144.8472,116.0,103.0,53.0,1860.0,75.0,92.0,178.0,423.0
1.9539329,142.0,145.1688,116.0,104.0,53.0,1860.0,76.0,92.0,178.0,423.0
1.9581348,142.0,145.5505,116.0,100.0,53.0,1861.0,76.0,92.0,179.0,425.0
1.9623368,143.0,145.8988,117.0,104.0,53.0,1861.0,76.0,92.0,179.0,428.0
1.9665388,144.0,146.2365,117.0,103.0,53.0,1861.0,76.0,93.0,180.0,429.0
1.9707408,144.0,146.5443,117.0,100.0,53.0,1862.0,76.0,93.0,180.0,430.0
1.9749428,144.0,146.854,118.0,100.0,53.0,1864.0,77.0,93.0,180.0,431.0
1.9791448,144.0,147.1618,118.0,100.0,53.0,1864.0,77.0,93.0,181.0,431.0
1.9833468,144.0,147.4834,118.0,101.0,53.0,1867.0,77.0,93.0,181.0,431.0
1.9875488,144.0,147.7998,118.0,101.0,53.0,1867.0,77.0,94.0,182.0,432.0
1.9917508,144.0,148.1169,119.0,104.0,54.0,1867.0,77.0,94.0,182.0,432.0
1.9959528,144.0,148.4265,119.0,105.0,54.0,1867.0,78.0,94.0,182.0,432.0
2.000155,144.0,148.7428,119.0,105.0,54.0,1867.0,78.0,94.0,183.0,433.0
2.0043569,145.0,149.0422,119.0,105.0,54.0,1867.0,78.0,94.0,183.0,434.0
2.008559,145.0,149.3682,120.0,105.0,54.0,1867.0,78.0,95.0,184.0,435.0
2.0127609,145.0,149.7042,120.0,104.0,54.0,1867.0,78.0,95.0,185.0,435.0
2.016963,145.0,150.0164,120.0,104.0,54.0,1868.0,79.0,95.0,185.0,437.0
2.021165,145.0,150.3198,121.0,104.0,54.0,1873.0,79.0,95.0,185.0,437.0
2.025367,145.0,150.6341,121.0,105.0,54.0,1873.0,79.0,95.0,186.0,437.0
2.029569,145.0,150.9669,121.0,106.0,54.0,1874.0,79.0,96.0,186.0,438.0
2.033771,145.0,151.2887,122.0,106.0,54.0,1874.0,79.0,96.0,187.0,439.0
2.037973,145.0,151.5922,122.0,106.0,55.0,1874.0,79.0,96.0,187.0,439.0
2.042175,145.0,151.9117,122.0,106.0,55.0,1874.0,80.0,96.0,187.0,441.0
2.046377,145.0,152.2683,122.0,106.0,56.0,1874.0,80.0,97.0,188.0,441.0
2.050579,145.0,152.5969,123.0,116.0,56.0,1874.0,80.0,97.0,188.0,442.0
2.054781,145.0,152.9721,123.0,102.0,56.0,1874.0,80.0,97.0,189.0,443.0
2.058983,145.0,153.2942,123.0,102.0,56.0,1874.0,81.0,97.0,189.0,443.0
2.063185,145.0,153.6581,124.0,102.0,56.0,1875.0,81.0,98.0,190.0,443.0
2.067387,146.0,153.9982,124.0,102.0,56.0,1877.0,81.0,98.0,190.0,443.0
2.071589,146.0,154.3162,124.0,102.0,56.0,1878.0,81.0,98.0,190.0,444.0
2.075791,146.0,154.6891,124.0,105.0,56.0,1879.0,82.0,98.0,191.0,444.0
2.079993,146.0,155.0114,125.0,101.0,56.0,1879.0,82.0,99.0,191.0,447.0
2.084195,146.0,155.3381,125.0,101.0,56.0,1879.0,82.0,99.0,191.0,447.0
2.088397,147.0,155.6712,125.0,107.0,56.0,1880.0,82.0,99.0,192.0,448.0
2.092599,147.0,156.0412,126.0,107.0,57.0,1883.0,82.0,99.0,192.0,448.0
2.096801,147.0,156.386,126.0,104.0,57.0,1885.0,82.0,100.0,193.0,449.0
