Time (days),ComCat Data,Simulation Mean,Simulation Median,Simulation Mode,Simulation Minimum,Simulation Maximum,2.5 %-ile,16 %-ile,84 %-ile,97.5 %-ile
0.0,0.0,0.0,0.0,0.0,0.0,0.0,0.0,0.0,0.0,0.0
0.5699113,68.0,2.77432,2.0,2.0,0.0,140.0,0.0,1.0,4.0,8.0
1.1398226,78.0,4.44607,4.0,3.0,0.0,181.0,1.0,2.0,7.0,11.0
1.7097338,80.0,5.74981,5.0,4.0,0.0,189.0,1.0,3.0,8.0,14.0
2.2796452,82.0,6.84731,6.0,5.0,0.0,195.0,2.0,3.0,10.0,16.0
2.8495564,84.0,7.77793,7.0,6.0,0.0,202.0,2.0,4.0,11.0,18.0
3.4194677,84.0,8.59359,8.0,7.0,0.0,205.0,2.0,5.0,12.0,20.0
3.989379,85.0,9.32127,8.0,8.0,0.0,211.0,3.0,5.0,13.0,21.0
4.5592904,86.0,9.979,9.0,8.0,0.0,212.0,3.0,6.0,13.0,23.0
5.1292014,88.0,10.57373,9.0,8.0,0.0,214.0,3.0,6.0,14.0,24.0
5.699113,90.0,11.11761,10.0,9.0,0.0,217.0,4.0,6.0,15.0,25.0
6.2690244,90.0,11.62177,10.0,9.0,0.0,219.0,4.0,7.0,15.0,26.0
6.8389354,91.0,12.08384,11.0,9.0,0.0,225.0,4.0,7.0,16.0,27.0
7.408847,91.0,12.52229,11.0,10.0,0.0,229.0,4.0,7.0,16.0,28.0
7.978758,91.0,12.9388,12.0,11.0,0.0,230.0,5.0,8.0,17.0,29.0
8.548669,91.0,13.32799,12.0,11.0,0.0,232.0,5.0,8.0,17.0,30.0
9.118581,92.0,13.69343,12.0,11.0,0.0,243.0,5.0,8.0,18.0,31.0
9.688492,93.0,14.04239,13.0,11.0,0.0,306.0,5.0,8.0,18.0,32.0
10.258403,95.0,14.36901,13.0,12.0,0.0,333.0,5.0,9.0,19.0,32.0
10.828315,96.0,14.68058,13.0,12.0,0.0,348.0,6.0,9.0,19.0,33.0
11.398226,96.0,14.98212,13.0,12.0,1.0,366.0,6.0,9.0,19.0,34.0
11.968137,97.0,15.27179,14.0,12.0,1.0,370.0,6.0,9.0,20.0,35.0
12.538049,97.0,15.54343,14.0,12.0,1.0,377.0,6.0,9.0,20.0,35.0
13.10796,97.0,15.80285,14.0,13.0,1.0,378.0,6.0,10.0,20.0,36.0
13.677871,98.0,16.05987,14.0,12.0,1.0,384.0,6.0,10.0,21.0,37.0
14.247782,98.0,16.30334,15.0,13.0,1.0,388.0,6.0,10.0,21.0,37.0
14.817694,98.0,16.54113,15.0,13.0,1.0,389.0,7.0,10.0,21.0,38.0
15.387605,98.0,16.76744,15.0,14.0,1.0,392.0,7.0,10.0,21.0,38.0
15.957516,98.0,16.9849,15.0,14.0,1.0,398.0,7.0,10.0,22.0,39.0
16.527428,98.0,17.1974,15.0,14.0,1.0,401.0,7.0,11.0,22.0,39.0
17.097338,99.0,17.40304,16.0,14.0,1.0,403.0,7.0,11.0,22.0,40.0
17.66725,100.0,17.6044,16.0,14.0,1.0,406.0,7.0,11.0,22.0,40.0
18.237162,100.0,17.79852,16.0,14.0,1.0,406.0,7.0,11.0,23.0,41.0
18.807072,101.0,17.98902,16.0,14.0,1.0,407.0,7.0,11.0,23.0,41.0
19.376984,101.0,18.17503,16.0,15.0,1.0,409.0,7.0,11.0,23.0,42.0
19.946896,101.0,18.36076,16.0,15.0,1.0,410.0,8.0,11.0,23.0,42.0
20.516806,101.0,18.5374,16.0,15.0,2.0,415.0,8.0,11.0,24.0,42.0
21.086718,101.0,18.71058,17.0,15.0,2.0,417.0,8.0,12.0,24.0,43.0
21.65663,102.0,18.88132,17.0,16.0,2.0,423.0,8.0,12.0,24.0,43.0
22.22654,102.0,19.04388,17.0,16.0,2.0,424.0,8.0,12.0,24.0,44.0
22.796452,102.0,19.21081,17.0,16.0,2.0,430.0,8.0,12.0,24.0,44.0
23.366364,102.0,19.36772,17.0,16.0,2.0,430.0,8.0,12.0,25.0,45.0
23.936274,102.0,19.52371,17.0,16.0,2.0,430.0,8.0,12.0,25.0,45.0
24.506186,102.0,19.6765,17.0,16.0,2.0,430.0,8.0,12.0,25.0,45.0
25.076097,103.0,19.82325,18.0,16.0,2.0,434.0,8.0,12.0,25.0,46.0
25.646008,103.0,19.9679,18.0,16.0,2.0,437.0,8.0,12.0,25.0,46.0
26.21592,103.0,20.1085,18.0,16.0,2.0,437.0,9.0,13.0,25.0,47.0
26.785831,103.0,20.24335,18.0,16.0,3.0,438.0,9.0,13.0,26.0,47.0
27.355742,103.0,20.37868,18.0,16.0,3.0,438.0,9.0,13.0,26.0,47.0
27.925653,103.0,20.51005,18.0,16.0,3.0,438.0,9.0,13.0,26.0,48.0
28.495564,103.0,20.63563,18.0,16.0,3.0,440.0,9.0,13.0,26.0,48.0
29.065475,103.0,20.76257,18.0,17.0,3.0,441.0,9.0,13.0,26.0,48.0
29.635387,103.0,20.88881,19.0,17.0,3.0,441.0,9.0,13.0,26.0,48.0
30.205297,103.0,21.01146,19.0,17.0,3.0,442.0,9.0,13.0,26.0,49.0
30.77521,103.0,21.13402,19.0,17.0,3.0,442.0,9.0,13.0,27.0,49.0
31.345121,103.0,21.25184,19.0,17.0,3.0,442.0,9.0,13.0,27.0,49.0
31.915031,103.0,21.36789,19.0,17.0,3.0,444.0,9.0,13.0,27.0,50.0
32.484943,103.0,21.47926,19.0,17.0,3.0,446.0,9.0,14.0,27.0,50.0
33.054855,103.0,21.5906,19.0,17.0,3.0,447.0,9.0,14.0,27.0,50.0
33.624767,103.0,21.7009,19.0,17.0,3.0,447.0,9.0,14.0,27.0,50.0
34.194675,103.0,21.80801,19.0,17.0,3.0,448.0,9.0,14.0,27.0,51.0
34.764587,103.0,21.91304,19.0,17.0,3.0,449.0,10.0,14.0,28.0,51.0
35.3345,103.0,22.02011,20.0,17.0,3.0,452.0,10.0,14.0,28.0,51.0
35.90441,103.0,22.12566,20.0,17.0,3.0,453.0,10.0,14.0,28.0,51.0
36.474323,103.0,22.22998,20.0,17.0,3.0,456.0,10.0,14.0,28.0,52.0
37.044235,103.0,22.33249,20.0,17.0,3.0,457.0,10.0,14.0,28.0,52.0
37.614143,103.0,22.4355,20.0,18.0,3.0,458.0,10.0,14.0,28.0,52.0
38.184055,103.0,22.53405,20.0,17.0,3.0,459.0,10.0,14.0,28.0,53.0
38.753967,103.0,22.63095,20.0,18.0,3.0,461.0,10.0,14.0,28.0,53.0
39.32388,103.0,22.72556,20.0,18.0,3.0,463.0,10.0,14.0,29.0,53.0
39.89379,103.0,22.81834,20.0,18.0,3.0,463.0,10.0,14.0,29.0,53.0
40.463703,103.0,22.91287,20.0,18.0,3.0,465.0,10.0,15.0,29.0,53.0
41.03361,103.0,23.00407,20.0,18.0,3.0,465.0,10.0,15.0,29.0,54.0
41.603523,103.0,23.09282,20.0,18.0,3.0,465.0,10.0,15.0,29.0,54.0
42.173435,103.0,23.18049,21.0,18.0,3.0,465.0,10.0,15.0,29.0,54.0
42.743347,103.0,23.27026,21.0,19.0,3.0,465.0,10.0,15.0,29.0,54.0
43.31326,103.0,23.35738,21.0,19.0,3.0,466.0,10.0,15.0,29.0,55.0
43.883167,104.0,23.44172,21.0,19.0,3.0,467.0,10.0,15.0,29.0,55.0
44.45308,104.0,23.5269,21.0,19.0,3.0,470.0,10.0,15.0,30.0,55.0
45.02299,104.0,23.61108,21.0,19.0,3.0,471.0,10.0,15.0,30.0,55.0
45.592903,104.0,23.69582,21.0,19.0,3.0,471.0,11.0,15.0,30.0,56.0
46.162815,104.0,23.78066,21.0,19.0,3.0,471.0,11.0,15.0,30.0,56.0
46.732727,104.0,23.86273,21.0,19.0,3.0,472.0,11.0,15.0,30.0,56.0
47.302635,104.0,23.94263,21.0,19.0,3.0,474.0,11.0,15.0,30.0,56.0
47.872547,104.0,24.02606,21.0,20.0,3.0,474.0,11.0,15.0,30.0,56.0
48.44246,104.0,24.10477,21.0,19.0,3.0,476.0,11.0,15.0,30.0,56.0
49.01237,104.0,24.18442,21.0,21.0,3.0,476.0,11.0,15.0,30.0,57.0
49.582283,104.0,24.26181,21.0,21.0,3.0,476.0,11.0,15.0,30.0,57.0
50.152195,104.0,24.33835,21.0,21.0,3.0,476.0,11.0,16.0,30.0,57.0
50.722103,104.0,24.41346,22.0,21.0,3.0,476.0,11.0,16.0,31.0,57.0
51.292015,104.0,24.48826,22.0,21.0,3.0,485.0,11.0,16.0,31.0,57.0
51.861927,104.0,24.56014,22.0,21.0,3.0,488.0,11.0,16.0,31.0,58.0
52.43184,104.0,24.63399,22.0,21.0,3.0,490.0,11.0,16.0,31.0,58.0
53.00175,104.0,24.70447,22.0,21.0,3.0,495.0,11.0,16.0,31.0,58.0
53.571663,104.0,24.77108,22.0,21.0,3.0,497.0,11.0,16.0,31.0,58.0
54.14157,104.0,24.84237,22.0,21.0,3.0,501.0,11.0,16.0,31.0,58.0
54.711483,104.0,24.91188,22.0,21.0,3.0,504.0,11.0,16.0,31.0,58.0
55.281395,104.0,24.97864,22.0,21.0,3.0,504.0,11.0,16.0,31.0,59.0
55.851307,104.0,25.04614,22.0,21.0,3.0,504.0,11.0,16.0,31.0,59.0
56.42122,104.0,25.11329,22.0,21.0,3.0,504.0,11.0,16.0,31.0,59.0
56.991127,104.0,25.17913,22.0,21.0,3.0,504.0,11.0,16.0,31.0,59.0
57.56104,104.0,25.24539,22.0,21.0,3.0,504.0,11.0,16.0,32.0,59.0
58.13095,104.0,25.31151,22.0,21.0,3.0,504.0,11.0,16.0,32.0,59.0
58.700863,104.0,25.37615,22.0,21.0,3.0,505.0,11.0,16.0,32.0,60.0
59.270775,104.0,25.44018,22.0,21.0,3.0,505.0,11.0,16.0,32.0,60.0
59.840687,104.0,25.50255,22.0,21.0,3.0,506.0,12.0,16.0,32.0,60.0
60.410595,104.0,25.56435,23.0,21.0,3.0,506.0,12.0,16.0,32.0,60.0
60.980507,104.0,25.6273,23.0,21.0,3.0,506.0,12.0,16.0,32.0,60.0
61.55042,104.0,25.68901,23.0,21.0,3.0,507.0,12.0,16.0,32.0,60.0
62.12033,104.0,25.74978,23.0,21.0,3.0,507.0,12.0,16.0,32.0,61.0
62.690243,104.0,25.80916,23.0,21.0,3.0,508.0,12.0,16.0,32.0,61.0
63.260155,104.0,25.86841,23.0,21.0,3.0,509.0,12.0,17.0,32.0,61.0
63.830063,104.0,25.92871,23.0,21.0,3.0,510.0,12.0,17.0,32.0,61.0
64.39998,104.0,25.98787,23.0,21.0,3.0,511.0,12.0,17.0,32.0,61.0
64.96989,105.0,26.04659,23.0,21.0,3.0,512.0,12.0,17.0,32.0,61.0
65.539795,105.0,26.10548,23.0,21.0,3.0,512.0,12.0,17.0,33.0,61.0
66.10971,105.0,26.16539,23.0,21.0,3.0,512.0,12.0,17.0,33.0,62.0
66.67962,105.0,26.22202,23.0,21.0,3.0,512.0,12.0,17.0,33.0,62.0
67.249535,105.0,26.27718,23.0,21.0,3.0,512.0,12.0,17.0,33.0,62.0
67.81944,105.0,26.33461,23.0,21.0,3.0,512.0,12.0,17.0,33.0,62.0
68.38935,105.0,26.39127,23.0,21.0,3.0,512.0,12.0,17.0,33.0,62.0
68.95927,105.0,26.44726,23.0,21.0,3.0,512.0,12.0,17.0,33.0,62.0
69.529175,105.0,26.50272,23.0,21.0,3.0,513.0,12.0,17.0,33.0,62.0
70.09909,105.0,26.55907,23.0,21.0,3.0,513.0,12.0,17.0,33.0,63.0
70.669,105.0,26.61474,23.0,21.0,3.0,514.0,12.0,17.0,33.0,63.0
71.238914,105.0,26.67029,24.0,21.0,3.0,515.0,12.0,17.0,33.0,63.0
71.80882,105.0,26.72593,24.0,21.0,3.0,515.0,12.0,17.0,33.0,63.0
72.37873,105.0,26.78023,24.0,21.0,3.0,515.0,12.0,17.0,33.0,63.0
72.94865,105.0,26.83519,24.0,21.0,3.0,515.0,12.0,17.0,33.0,63.0
73.518555,105.0,26.89021,24.0,21.0,3.0,515.0,12.0,17.0,34.0,64.0
74.08847,105.0,26.94312,24.0,21.0,3.0,515.0,12.0,17.0,34.0,64.0
74.65838,105.0,26.99527,24.0,21.0,3.0,515.0,12.0,17.0,34.0,64.0
75.22829,105.0,27.04704,24.0,21.0,3.0,516.0,12.0,17.0,34.0,64.0
75.7982,105.0,27.09774,24.0,21.0,3.0,516.0,12.0,17.0,34.0,64.0
76.36811,105.0,27.14762,24.0,21.0,3.0,516.0,12.0,17.0,34.0,64.0
76.93803,105.0,27.19849,24.0,21.0,3.0,516.0,12.0,17.0,34.0,64.0
77.507935,105.0,27.24796,24.0,22.0,3.0,518.0,12.0,17.0,34.0,64.0
78.07784,105.0,27.29769,24.0,22.0,4.0,519.0,12.0,17.0,34.0,65.0
78.64776,105.0,27.34598,24.0,22.0,4.0,519.0,12.0,18.0,34.0,65.0
79.21767,105.0,27.39568,24.0,22.0,4.0,519.0,13.0,18.0,34.0,65.0
79.78758,105.0,27.44608,24.0,22.0,4.0,520.0,13.0,18.0,34.0,65.0
80.35749,105.0,27.49435,24.0,22.0,4.0,522.0,13.0,18.0,34.0,65.0
80.92741,105.0,27.54327,24.0,22.0,4.0,523.0,13.0,18.0,34.0,65.0
81.497314,105.0,27.59061,24.0,22.0,4.0,523.0,13.0,18.0,34.0,65.0
82.06722,105.0,27.63767,24.0,22.0,4.0,524.0,13.0,18.0,34.0,66.0
82.63714,105.0,27.68629,24.0,22.0,4.0,525.0,13.0,18.0,34.0,66.0
83.20705,105.0,27.73341,24.0,22.0,4.0,525.0,13.0,18.0,34.0,66.0
83.77696,105.0,27.7811,24.0,22.0,4.0,525.0,13.0,18.0,35.0,66.0
84.34687,105.0,27.82589,24.0,22.0,4.0,525.0,13.0,18.0,35.0,66.0
84.91678,105.0,27.87074,25.0,22.0,4.0,525.0,13.0,18.0,35.0,66.0
85.486694,105.0,27.91535,25.0,22.0,4.0,525.0,13.0,18.0,35.0,66.0
86.0566,105.0,27.96128,25.0,22.0,4.0,525.0,13.0,18.0,35.0,66.0
86.62652,105.0,28.00796,25.0,23.0,4.0,526.0,13.0,18.0,35.0,67.0
87.19643,105.0,28.05493,25.0,23.0,4.0,526.0,13.0,18.0,35.0,67.0
87.766335,106.0,28.09881,25.0,23.0,4.0,526.0,13.0,18.0,35.0,67.0
88.33625,106.0,28.14331,25.0,23.0,4.0,526.0,13.0,18.0,35.0,67.0
88.90616,106.0,28.18646,25.0,23.0,4.0,526.0,13.0,18.0,35.0,67.0
89.476074,106.0,28.22922,25.0,23.0,4.0,526.0,13.0,18.0,35.0,67.0
90.04598,106.0,28.27485,25.0,23.0,4.0,526.0,13.0,18.0,35.0,67.0
90.6159,106.0,28.31832,25.0,23.0,4.0,530.0,13.0,18.0,35.0,67.0
91.18581,106.0,28.36147,25.0,23.0,4.0,530.0,13.0,18.0,35.0,67.0
91.755714,106.0,28.4042,25.0,23.0,4.0,530.0,13.0,18.0,35.0,68.0
92.32563,106.0,28.44571,25.0,23.0,4.0,530.0,13.0,18.0,35.0,68.0
92.89554,106.0,28.48613,25.0,23.0,4.0,530.0,13.0,18.0,35.0,68.0
93.465454,106.0,28.52791,25.0,23.0,4.0,530.0,13.0,18.0,35.0,68.0
94.03536,106.0,28.56989,25.0,23.0,4.0,530.0,13.0,18.0,35.0,68.0
94.60527,106.0,28.60927,25.0,23.0,4.0,530.0,13.0,18.0,36.0,68.0
95.175186,106.0,28.65076,25.0,23.0,4.0,530.0,13.0,18.0,36.0,68.0
95.745094,106.0,28.69122,25.0,23.0,4.0,531.0,13.0,18.0,36.0,68.0
96.31501,106.0,28.732,25.0,23.0,4.0,531.0,13.0,18.0,36.0,68.0
96.88492,106.0,28.77274,25.0,23.0,4.0,531.0,13.0,18.0,36.0,68.0
97.45483,106.0,28.81477,25.0,23.0,4.0,531.0,13.0,19.0,36.0,69.0
98.02474,106.0,28.85492,25.0,23.0,4.0,531.0,13.0,19.0,36.0,69.0
98.59465,106.0,28.89489,25.0,23.0,4.0,531.0,13.0,19.0,36.0,69.0
99.164566,106.0,28.93513,25.0,23.0,4.0,531.0,13.0,19.0,36.0,69.0
99.734474,106.0,28.97509,25.0,23.0,5.0,531.0,13.0,19.0,36.0,69.0
100.30439,106.0,29.01461,25.0,23.0,5.0,533.0,13.0,19.0,36.0,69.0
100.8743,106.0,29.05326,26.0,23.0,5.0,534.0,13.0,19.0,36.0,69.0
101.44421,106.0,29.09297,26.0,23.0,5.0,534.0,13.0,19.0,36.0,69.0
102.01412,106.0,29.13281,26.0,23.0,5.0,534.0,13.0,19.0,36.0,69.0
102.58403,106.0,29.17113,26.0,23.0,5.0,534.0,14.0,19.0,36.0,69.0
103.153946,106.0,29.20859,26.0,23.0,5.0,534.0,14.0,19.0,36.0,69.0
103.723854,106.0,29.24574,26.0,23.0,5.0,534.0,14.0,19.0,36.0,70.0
104.29376,107.0,29.28378,26.0,23.0,5.0,534.0,14.0,19.0,36.0,70.0
104.86368,107.0,29.32077,26.0,23.0,5.0,534.0,14.0,19.0,36.0,70.0
105.433586,107.0,29.35838,26.0,23.0,5.0,534.0,14.0,19.0,36.0,70.0
106.0035,107.0,29.39528,26.0,23.0,5.0,534.0,14.0,19.0,36.0,70.0
106.57341,107.0,29.43089,26.0,23.0,5.0,534.0,14.0,19.0,37.0,70.0
107.143326,107.0,29.46749,26.0,23.0,5.0,534.0,14.0,19.0,37.0,70.0
107.713234,108.0,29.50419,26.0,23.0,5.0,534.0,14.0,19.0,37.0,70.0
108.28314,108.0,29.53883,26.0,23.0,5.0,534.0,14.0,19.0,37.0,70.0
108.85306,108.0,29.57371,26.0,23.0,5.0,534.0,14.0,19.0,37.0,70.0
109.422966,108.0,29.60789,26.0,23.0,5.0,536.0,14.0,19.0,37.0,70.0
109.99288,108.0,29.64342,26.0,23.0,5.0,538.0,14.0,19.0,37.0,71.0
110.56279,108.0,29.67821,26.0,23.0,5.0,538.0,14.0,19.0,37.0,71.0
111.1327,108.0,29.71058,26.0,23.0,5.0,538.0,14.0,19.0,37.0,71.0
111.702614,108.0,29.74569,26.0,23.0,5.0,538.0,14.0,19.0,37.0,71.0
112.27252,108.0,29.77999,26.0,23.0,5.0,538.0,14.0,19.0,37.0,71.0
112.84244,108.0,29.81469,26.0,23.0,5.0,538.0,14.0,19.0,37.0,71.0
113.412346,108.0,29.84864,26.0,23.0,5.0,538.0,14.0,19.0,37.0,71.0
113.982254,108.0,29.88384,26.0,23.0,5.0,539.0,14.0,19.0,37.0,71.0
114.55217,108.0,29.91746,26.0,23.0,5.0,540.0,14.0,19.0,37.0,71.0
115.12208,108.0,29.94999,26.0,23.0,5.0,540.0,14.0,19.0,37.0,71.0
115.69199,108.0,29.98213,26.0,23.0,5.0,540.0,14.0,19.0,37.0,71.0
116.2619,108.0,30.01589,26.0,24.0,5.0,540.0,14.0,19.0,37.0,71.0
116.83182,109.0,30.04914,26.0,24.0,5.0,541.0,14.0,19.0,37.0,72.0
117.401726,109.0,30.08195,26.0,24.0,5.0,541.0,14.0,19.0,37.0,72.0
117.971634,109.0,30.11503,26.0,24.0,5.0,542.0,14.0,19.0,37.0,72.0
118.54155,109.0,30.14751,26.0,24.0,5.0,542.0,14.0,19.0,37.0,72.0
119.11146,109.0,30.18161,26.0,24.0,5.0,542.0,14.0,19.0,37.0,72.0
119.68137,109.0,30.21486,26.0,24.0,5.0,542.0,14.0,19.0,37.0,72.0
120.25128,109.0,30.24744,27.0,24.0,5.0,543.0,14.0,19.0,38.0,72.0
120.82119,110.0,30.27986,27.0,24.0,5.0,543.0,14.0,20.0,38.0,72.0
121.391106,110.0,30.3135,27.0,24.0,5.0,544.0,14.0,20.0,38.0,72.0
121.96101,110.0,30.34519,27.0,24.0,5.0,544.0,14.0,20.0,38.0,72.0
122.53093,110.0,30.37669,27.0,24.0,5.0,544.0,14.0,20.0,38.0,72.0
123.10084,110.0,30.40871,27.0,24.0,5.0,544.0,14.0,20.0,38.0,72.0
123.670746,110.0,30.4418,27.0,24.0,5.0,544.0,14.0,20.0,38.0,73.0
124.24066,110.0,30.47285,27.0,24.0,5.0,544.0,14.0,20.0,38.0,73.0
124.81057,110.0,30.50395,27.0,24.0,5.0,544.0,14.0,20.0,38.0,73.0
125.380486,110.0,30.53375,27.0,24.0,5.0,544.0,14.0,20.0,38.0,73.0
125.95039,110.0,30.56338,27.0,24.0,5.0,545.0,14.0,20.0,38.0,73.0
126.52031,110.0,30.59512,27.0,24.0,5.0,545.0,14.0,20.0,38.0,73.0
127.09022,110.0,30.6243,27.0,24.0,5.0,545.0,14.0,20.0,38.0,73.0
127.660126,110.0,30.65622,27.0,24.0,5.0,545.0,14.0,20.0,38.0,73.0
128.23004,110.0,30.68602,27.0,24.0,5.0,545.0,14.0,20.0,38.0,73.0
128.79996,110.0,30.71643,27.0,24.0,5.0,545.0,14.0,20.0,38.0,73.0
129.36986,110.0,30.74664,27.0,24.0,5.0,545.0,14.0,20.0,38.0,73.0
129.93977,110.0,30.77807,27.0,24.0,5.0,546.0,14.0,20.0,38.0,73.0
130.50969,110.0,30.81029,27.0,24.0,5.0,547.0,14.0,20.0,38.0,74.0
131.07959,111.0,30.84027,27.0,24.0,5.0,547.0,14.0,20.0,38.0,74.0
131.6495,111.0,30.87039,27.0,24.0,5.0,547.0,14.0,20.0,38.0,74.0
132.21942,111.0,30.90034,27.0,24.0,5.0,547.0,14.0,20.0,38.0,74.0
132.78934,111.0,30.93033,27.0,24.0,5.0,548.0,14.0,20.0,38.0,74.0
133.35924,111.0,30.96077,27.0,24.0,5.0,549.0,15.0,20.0,38.0,74.0
133.92915,111.0,30.99044,27.0,25.0,5.0,549.0,15.0,20.0,38.0,74.0
134.49907,111.0,31.0201,27.0,25.0,6.0,549.0,15.0,20.0,38.0,74.0
135.06897,111.0,31.04762,27.0,25.0,6.0,549.0,15.0,20.0,38.0,74.0
135.63889,111.0,31.0778,27.0,25.0,6.0,550.0,15.0,20.0,38.0,74.0
136.2088,111.0,31.1058,27.0,25.0,6.0,550.0,15.0,20.0,39.0,74.0
136.7787,111.0,31.13434,27.0,25.0,6.0,550.0,15.0,20.0,39.0,74.0
137.34862,111.0,31.16332,27.0,25.0,6.0,550.0,15.0,20.0,39.0,74.0
137.91853,111.0,31.19155,27.0,25.0,6.0,550.0,15.0,20.0,39.0,75.0
138.48845,111.0,31.22071,27.0,25.0,6.0,551.0,15.0,20.0,39.0,75.0
139.05835,111.0,31.24981,27.0,25.0,6.0,551.0,15.0,20.0,39.0,75.0
139.62827,111.0,31.27787,27.0,25.0,6.0,551.0,15.0,20.0,39.0,75.0
140.19818,111.0,31.30666,27.0,25.0,6.0,552.0,15.0,20.0,39.0,75.0
140.76808,111.0,31.33577,27.0,25.0,6.0,552.0,15.0,20.0,39.0,75.0
141.338,111.0,31.36318,27.0,25.0,6.0,552.0,15.0,20.0,39.0,75.0
141.90791,111.0,31.39149,27.0,25.0,6.0,554.0,15.0,20.0,39.0,75.0
142.47783,111.0,31.42173,28.0,25.0,6.0,554.0,15.0,20.0,39.0,75.0
143.04773,111.0,31.44987,28.0,25.0,6.0,555.0,15.0,20.0,39.0,75.0
143.61765,111.0,31.47611,28.0,25.0,6.0,555.0,15.0,20.0,39.0,75.0
144.18756,111.0,31.50525,28.0,25.0,6.0,555.0,15.0,20.0,39.0,75.0
144.75746,111.0,31.53253,28.0,25.0,6.0,555.0,15.0,20.0,39.0,75.0
145.32738,111.0,31.55976,28.0,25.0,6.0,555.0,15.0,20.0,39.0,75.0
145.8973,112.0,31.58709,28.0,25.0,6.0,555.0,15.0,20.0,39.0,76.0
146.4672,112.0,31.61382,28.0,25.0,6.0,555.0,15.0,20.0,39.0,76.0
147.03711,112.0,31.64019,28.0,25.0,6.0,555.0,15.0,20.0,39.0,76.0
147.60703,112.0,31.66674,28.0,25.0,6.0,555.0,15.0,20.0,39.0,76.0
148.17694,112.0,31.69433,28.0,25.0,6.0,557.0,15.0,20.0,39.0,76.0
148.74684,112.0,31.72265,28.0,25.0,6.0,558.0,15.0,20.0,39.0,76.0
149.31676,112.0,31.7505,28.0,25.0,6.0,559.0,15.0,20.0,39.0,76.0
149.88667,112.0,31.77705,28.0,25.0,6.0,560.0,15.0,21.0,39.0,76.0
150.45657,112.0,31.80308,28.0,25.0,6.0,560.0,15.0,21.0,39.0,76.0
151.02649,112.0,31.82946,28.0,25.0,6.0,561.0,15.0,21.0,39.0,76.0
151.5964,112.0,31.85637,28.0,25.0,6.0,561.0,15.0,21.0,39.0,76.0
152.16632,112.0,31.88313,28.0,25.0,6.0,565.0,15.0,21.0,39.0,77.0
152.73622,113.0,31.90873,28.0,25.0,6.0,567.0,15.0,21.0,39.0,77.0
153.30614,113.0,31.93499,28.0,25.0,6.0,567.0,15.0,21.0,40.0,77.0
153.87605,113.0,31.96051,28.0,25.0,6.0,567.0,15.0,21.0,40.0,77.0
154.44595,113.0,31.9857,28.0,25.0,6.0,568.0,15.0,21.0,40.0,77.0
155.01587,113.0,32.01062,28.0,25.0,6.0,569.0,15.0,21.0,40.0,77.0
155.58578,113.0,32.03558,28.0,25.0,6.0,569.0,15.0,21.0,40.0,77.0
156.15569,113.0,32.06012,28.0,25.0,6.0,569.0,15.0,21.0,40.0,77.0
156.7256,113.0,32.08476,28.0,25.0,6.0,569.0,15.0,21.0,40.0,77.0
157.29552,113.0,32.10887,28.0,25.0,6.0,569.0,15.0,21.0,40.0,77.0
157.86543,113.0,32.13445,28.0,25.0,6.0,569.0,15.0,21.0,40.0,77.0
158.43533,113.0,32.1584,28.0,25.0,6.0,569.0,15.0,21.0,40.0,77.0
159.00525,113.0,32.18472,28.0,25.0,6.0,569.0,15.0,21.0,40.0,77.0
159.57516,114.0,32.20951,28.0,25.0,6.0,570.0,15.0,21.0,40.0,77.0
160.14507,114.0,32.23416,28.0,25.0,6.0,570.0,15.0,21.0,40.0,77.0
160.71498,114.0,32.2596,28.0,25.0,6.0,570.0,15.0,21.0,40.0,77.0
161.2849,114.0,32.28223,28.0,25.0,6.0,570.0,15.0,21.0,40.0,77.0
161.85481,114.0,32.30685,28.0,25.0,6.0,570.0,15.0,21.0,40.0,78.0
162.42471,114.0,32.33098,28.0,25.0,6.0,570.0,15.0,21.0,40.0,78.0
162.99463,114.0,32.35524,28.0,25.0,6.0,571.0,15.0,21.0,40.0,78.0
163.56454,114.0,32.38005,28.0,25.0,6.0,571.0,15.0,21.0,40.0,78.0
164.13445,115.0,32.40419,28.0,25.0,6.0,571.0,15.0,21.0,40.0,78.0
164.70436,116.0,32.42839,28.0,25.0,6.0,571.0,15.0,21.0,40.0,78.0
165.27428,116.0,32.45296,28.0,25.0,6.0,572.0,15.0,21.0,40.0,78.0
165.84418,116.0,32.47773,28.0,25.0,6.0,572.0,15.0,21.0,40.0,78.0
166.4141,116.0,32.50121,28.0,25.0,6.0,572.0,15.0,21.0,40.0,78.0
166.98401,116.0,32.52448,28.0,25.0,6.0,572.0,15.0,21.0,40.0,78.0
167.55392,116.0,32.54755,28.0,25.0,6.0,572.0,15.0,21.0,40.0,78.0
168.12383,117.0,32.57126,28.0,25.0,6.0,572.0,15.0,21.0,40.0,78.0
168.69374,118.0,32.59385,28.0,25.0,6.0,572.0,15.0,21.0,40.0,78.0
169.26366,118.0,32.61703,29.0,25.0,6.0,572.0,15.0,21.0,40.0,79.0
169.83356,118.0,32.63923,29.0,25.0,6.0,572.0,15.0,21.0,40.0,79.0
170.40347,118.0,32.66288,29.0,25.0,6.0,572.0,15.0,21.0,40.0,79.0
170.97339,118.0,32.68752,29.0,25.0,6.0,572.0,15.0,21.0,40.0,79.0
171.5433,118.0,32.71,29.0,25.0,6.0,572.0,15.0,21.0,40.0,79.0
172.1132,118.0,32.73325,29.0,25.0,6.0,572.0,15.0,21.0,41.0,79.0
172.68312,118.0,32.7555,29.0,25.0,6.0,572.0,15.0,21.0,41.0,79.0
173.25304,118.0,32.77962,29.0,25.0,6.0,572.0,16.0,21.0,41.0,79.0
173.82294,118.0,32.80339,29.0,25.0,6.0,572.0,16.0,21.0,41.0,79.0
174.39285,119.0,32.82541,29.0,25.0,6.0,572.0,16.0,21.0,41.0,79.0
174.96277,119.0,32.84991,29.0,25.0,6.0,572.0,16.0,21.0,41.0,79.0
175.53267,119.0,32.87249,29.0,25.0,6.0,572.0,16.0,21.0,41.0,79.0
176.10258,119.0,32.89535,29.0,25.0,6.0,572.0,16.0,21.0,41.0,79.0
176.6725,119.0,32.91897,29.0,25.0,6.0,572.0,16.0,21.0,41.0,79.0
177.24242,119.0,32.94235,29.0,25.0,6.0,572.0,16.0,21.0,41.0,79.0
177.81232,119.0,32.96479,29.0,25.0,6.0,572.0,16.0,21.0,41.0,79.0
178.38223,119.0,32.98718,29.0,25.0,6.0,572.0,16.0,21.0,41.0,79.0
178.95215,119.0,33.01006,29.0,25.0,6.0,573.0,16.0,21.0,41.0,79.0
179.52205,119.0,33.03235,29.0,25.0,6.0,573.0,16.0,21.0,41.0,79.0
180.09196,119.0,33.05481,29.0,25.0,6.0,573.0,16.0,21.0,41.0,80.0
180.66188,119.0,33.07586,29.0,25.0,6.0,574.0,16.0,21.0,41.0,80.0
181.2318,119.0,33.09735,29.0,25.0,6.0,574.0,16.0,21.0,41.0,80.0
181.8017,119.0,33.11996,29.0,25.0,6.0,574.0,16.0,21.0,41.0,80.0
182.37161,119.0,33.14216,29.0,25.0,6.0,574.0,16.0,21.0,41.0,80.0
182.94153,119.0,33.1644,29.0,25.0,6.0,574.0,16.0,21.0,41.0,80.0
183.51143,119.0,33.18587,29.0,25.0,6.0,575.0,16.0,21.0,41.0,80.0
184.08134,119.0,33.20819,29.0,25.0,6.0,575.0,16.0,21.0,41.0,80.0
184.65126,119.0,33.23073,29.0,27.0,6.0,575.0,16.0,21.0,41.0,80.0
185.22116,119.0,33.25395,29.0,27.0,6.0,575.0,16.0,22.0,41.0,80.0
185.79108,119.0,33.27468,29.0,27.0,6.0,575.0,16.0,22.0,41.0,80.0
186.361,119.0,33.29557,29.0,27.0,6.0,575.0,16.0,22.0,41.0,80.0
186.93091,119.0,33.31717,29.0,27.0,6.0,577.0,16.0,22.0,41.0,80.0
187.50081,119.0,33.33843,29.0,27.0,6.0,577.0,16.0,22.0,41.0,80.0
188.07072,119.0,33.35852,29.0,25.0,6.0,578.0,16.0,22.0,41.0,80.0
188.64064,119.0,33.38086,29.0,27.0,6.0,579.0,16.0,22.0,41.0,80.0
189.21054,119.0,33.40291,29.0,25.0,6.0,579.0,16.0,22.0,41.0,80.0
189.78046,119.0,33.42487,29.0,27.0,6.0,579.0,16.0,22.0,41.0,81.0
190.35037,119.0,33.44594,29.0,27.0,6.0,579.0,16.0,22.0,41.0,81.0
190.92029,119.0,33.46467,29.0,27.0,6.0,579.0,16.0,22.0,41.0,81.0
191.49019,119.0,33.48383,29.0,27.0,6.0,579.0,16.0,22.0,41.0,81.0
192.0601,119.0,33.50626,29.0,27.0,6.0,579.0,16.0,22.0,41.0,81.0
192.63002,119.0,33.52765,29.0,27.0,6.0,579.0,16.0,22.0,41.0,81.0
193.19992,119.0,33.54863,29.0,27.0,6.0,579.0,16.0,22.0,41.0,81.0
193.76984,119.0,33.56897,29.0,27.0,6.0,579.0,16.0,22.0,41.0,81.0
194.33975,119.0,33.59077,29.0,27.0,6.0,579.0,16.0,22.0,41.0,81.0
194.90965,119.0,33.61095,29.0,27.0,6.0,579.0,16.0,22.0,42.0,81.0
195.47957,119.0,33.63147,29.0,27.0,6.0,579.0,16.0,22.0,42.0,81.0
196.04948,119.0,33.65189,29.0,27.0,6.0,579.0,16.0,22.0,42.0,81.0
196.6194,119.0,33.67265,29.0,27.0,6.0,579.0,16.0,22.0,42.0,81.0
197.1893,119.0,33.69236,29.0,27.0,6.0,579.0,16.0,22.0,42.0,81.0
197.75922,119.0,33.71195,29.0,27.0,6.0,579.0,16.0,22.0,42.0,81.0
198.32913,119.0,33.7315,29.0,27.0,6.0,579.0,16.0,22.0,42.0,81.0
198.89903,119.0,33.75222,29.0,27.0,6.0,579.0,16.0,22.0,42.0,81.0
199.46895,119.0,33.77266,29.0,27.0,6.0,580.0,16.0,22.0,42.0,81.0
200.03886,119.0,33.79297,29.0,27.0,6.0,580.0,16.0,22.0,42.0,81.0
200.60878,119.0,33.81298,30.0,27.0,6.0,580.0,16.0,22.0,42.0,81.0
201.17868,119.0,33.83184,30.0,27.0,6.0,580.0,16.0,22.0,42.0,81.0
201.7486,119.0,33.85121,30.0,27.0,6.0,581.0,16.0,22.0,42.0,82.0
202.31851,119.0,33.86974,30.0,27.0,6.0,581.0,16.0,22.0,42.0,82.0
202.88841,119.0,33.89009,30.0,25.0,6.0,581.0,16.0,22.0,42.0,82.0
203.45833,119.0,33.90914,30.0,27.0,6.0,581.0,16.0,22.0,42.0,82.0
204.02824,119.0,33.92857,30.0,25.0,6.0,581.0,16.0,22.0,42.0,82.0
204.59814,119.0,33.94682,30.0,25.0,6.0,581.0,16.0,22.0,42.0,82.0
205.16806,119.0,33.96606,30.0,25.0,6.0,581.0,16.0,22.0,42.0,82.0
205.73798,119.0,33.98512,30.0,25.0,6.0,582.0,16.0,22.0,42.0,82.0
206.30789,119.0,34.00301,30.0,25.0,6.0,582.0,16.0,22.0,42.0,82.0
206.87779,119.0,34.02088,30.0,25.0,6.0,583.0,16.0,22.0,42.0,82.0
207.44771,119.0,34.03944,30.0,27.0,6.0,584.0,16.0,22.0,42.0,82.0
208.01762,119.0,34.05882,30.0,25.0,6.0,585.0,16.0,22.0,42.0,82.0
208.58752,119.0,34.07925,30.0,25.0,6.0,585.0,16.0,22.0,42.0,82.0
209.15744,119.0,34.09811,30.0,25.0,6.0,585.0,16.0,22.0,42.0,82.0
209.72736,119.0,34.11699,30.0,27.0,6.0,586.0,16.0,22.0,42.0,82.0
210.29727,119.0,34.13633,30.0,27.0,6.0,586.0,16.0,22.0,42.0,82.0
210.86717,119.0,34.15526,30.0,27.0,6.0,586.0,16.0,22.0,42.0,82.0
211.43709,119.0,34.17372,30.0,27.0,6.0,586.0,16.0,22.0,42.0,82.0
212.007,119.0,34.19149,30.0,27.0,6.0,586.0,16.0,22.0,42.0,82.0
212.5769,119.0,34.21077,30.0,28.0,6.0,586.0,16.0,22.0,42.0,83.0
213.14682,119.0,34.22906,30.0,28.0,6.0,586.0,16.0,22.0,42.0,83.0
213.71674,119.0,34.24747,30.0,28.0,6.0,586.0,16.0,22.0,42.0,83.0
214.28665,119.0,34.26628,30.0,28.0,6.0,586.0,16.0,22.0,42.0,83.0
214.85655,119.0,34.28524,30.0,28.0,6.0,586.0,16.0,22.0,42.0,83.0
215.42647,119.0,34.30305,30.0,28.0,6.0,586.0,16.0,22.0,42.0,83.0
215.99638,119.0,34.32133,30.0,28.0,6.0,586.0,16.0,22.0,42.0,83.0
216.56628,119.0,34.33901,30.0,28.0,6.0,588.0,16.0,22.0,42.0,83.0
217.1362,119.0,34.35776,30.0,27.0,6.0,588.0,16.0,22.0,42.0,83.0
217.70612,119.0,34.3763,30.0,27.0,6.0,589.0,16.0,22.0,42.0,83.0
218.27602,119.0,34.39483,30.0,28.0,6.0,589.0,16.0,22.0,42.0,83.0
218.84593,119.0,34.41221,30.0,28.0,6.0,589.0,16.0,22.0,43.0,83.0
219.41585,119.0,34.42976,30.0,28.0,6.0,589.0,16.0,22.0,43.0,83.0
219.98576,119.0,34.44717,30.0,28.0,6.0,589.0,16.0,22.0,43.0,83.0
220.55566,119.0,34.46533,30.0,27.0,6.0,589.0,16.0,22.0,43.0,83.0
221.12558,119.0,34.48322,30.0,27.0,6.0,590.0,16.0,22.0,43.0,83.0
221.6955,119.0,34.502,30.0,27.0,6.0,590.0,16.0,22.0,43.0,83.0
222.2654,119.0,34.52071,30.0,27.0,6.0,590.0,16.0,22.0,43.0,83.0
222.83531,119.0,34.5396,30.0,27.0,6.0,590.0,16.0,22.0,43.0,83.0
223.40523,119.0,34.55713,30.0,27.0,7.0,590.0,16.0,22.0,43.0,83.0
223.97514,119.0,34.57615,30.0,27.0,7.0,590.0,16.0,22.0,43.0,83.0
224.54504,119.0,34.59428,30.0,27.0,7.0,590.0,17.0,22.0,43.0,83.0
225.11496,119.0,34.61225,30.0,27.0,7.0,591.0,17.0,22.0,43.0,84.0
225.68488,119.0,34.63062,30.0,27.0,7.0,592.0,17.0,22.0,43.0,84.0
226.25478,119.0,34.64879,30.0,28.0,7.0,592.0,17.0,22.0,43.0,84.0
226.82469,119.0,34.66799,30.0,27.0,7.0,592.0,17.0,22.0,43.0,84.0
227.3946,119.0,34.68731,30.0,27.0,7.0,592.0,17.0,22.0,43.0,84.0
227.96451,119.0,34.7056,30.0,27.0,7.0,592.0,17.0,22.0,43.0,84.0
228.53442,119.0,34.72202,30.0,27.0,7.0,592.0,17.0,22.0,43.0,84.0
229.10434,119.0,34.73971,30.0,27.0,7.0,592.0,17.0,22.0,43.0,84.0
229.67426,119.0,34.75658,30.0,27.0,7.0,592.0,17.0,22.0,43.0,84.0
230.24416,119.0,34.7743,30.0,27.0,7.0,592.0,17.0,23.0,43.0,84.0
230.81407,119.0,34.79187,30.0,27.0,7.0,592.0,17.0,23.0,43.0,84.0
231.38399,119.0,34.80894,30.0,27.0,7.0,592.0,17.0,23.0,43.0,84.0
231.95389,119.0,34.82585,30.0,27.0,7.0,592.0,17.0,23.0,43.0,84.0
232.5238,119.0,34.8423,30.0,27.0,7.0,592.0,17.0,23.0,43.0,84.0
233.09372,119.0,34.85974,30.0,27.0,7.0,592.0,17.0,23.0,43.0,84.0
233.66364,119.0,34.87558,30.0,27.0,7.0,592.0,17.0,23.0,43.0,84.0
234.23354,119.0,34.89241,30.0,28.0,7.0,592.0,17.0,23.0,43.0,84.0
234.80345,119.0,34.90847,30.0,28.0,7.0,593.0,17.0,23.0,43.0,84.0
235.37337,119.0,34.92509,30.0,28.0,7.0,593.0,17.0,23.0,43.0,84.0
235.94327,119.0,34.94144,30.0,28.0,7.0,593.0,17.0,23.0,43.0,84.0
236.51318,119.0,34.95825,30.0,27.0,7.0,594.0,17.0,23.0,43.0,84.0
237.0831,119.0,34.97365,30.0,27.0,7.0,594.0,17.0,23.0,43.0,84.0
237.653,119.0,34.99059,30.0,27.0,7.0,595.0,17.0,23.0,43.0,84.0
238.22292,119.0,35.00871,31.0,27.0,7.0,597.0,17.0,23.0,43.0,84.0
238.79283,119.0,35.02555,31.0,28.0,7.0,597.0,17.0,23.0,43.0,84.0
239.36275,119.0,35.0424,31.0,28.0,7.0,598.0,17.0,23.0,43.0,85.0
239.93265,119.0,35.0593,31.0,27.0,7.0,598.0,17.0,23.0,43.0,85.0
240.50256,119.0,35.0758,31.0,27.0,7.0,598.0,17.0,23.0,43.0,85.0
241.07248,119.0,35.09231,31.0,27.0,7.0,598.0,17.0,23.0,43.0,85.0
241.64238,119.0,35.1082,31.0,27.0,7.0,598.0,17.0,23.0,43.0,85.0
242.2123,119.0,35.12486,31.0,27.0,7.0,598.0,17.0,23.0,43.0,85.0
242.78221,119.0,35.14216,31.0,27.0,7.0,598.0,17.0,23.0,43.0,85.0
243.35213,119.0,35.15863,31.0,28.0,7.0,598.0,17.0,23.0,43.0,85.0
243.92203,119.0,35.17597,31.0,27.0,7.0,598.0,17.0,23.0,43.0,85.0
244.49194,119.0,35.19273,31.0,28.0,7.0,598.0,17.0,23.0,43.0,85.0
245.06186,119.0,35.20959,31.0,28.0,7.0,598.0,17.0,23.0,43.0,85.0
245.63176,119.0,35.22611,31.0,28.0,7.0,599.0,17.0,23.0,43.0,85.0
246.20168,119.0,35.2435,31.0,28.0,7.0,599.0,17.0,23.0,44.0,85.0
246.77159,119.0,35.25967,31.0,28.0,7.0,599.0,17.0,23.0,44.0,85.0
247.34149,119.0,35.27524,31.0,28.0,7.0,599.0,17.0,23.0,44.0,85.0
247.9114,119.0,35.29041,31.0,28.0,7.0,599.0,17.0,23.0,44.0,85.0
248.48132,119.0,35.30624,31.0,28.0,7.0,599.0,17.0,23.0,44.0,85.0
249.05124,119.0,35.32198,31.0,28.0,7.0,599.0,17.0,23.0,44.0,85.0
249.62114,119.0,35.33694,31.0,28.0,7.0,599.0,17.0,23.0,44.0,85.0
250.19106,119.0,35.35256,31.0,28.0,7.0,599.0,17.0,23.0,44.0,85.0
250.76097,119.0,35.36818,31.0,28.0,7.0,599.0,17.0,23.0,44.0,86.0
251.33087,119.0,35.38331,31.0,28.0,7.0,599.0,17.0,23.0,44.0,86.0
251.90079,119.0,35.39768,31.0,28.0,7.0,599.0,17.0,23.0,44.0,86.0
252.4707,119.0,35.41279,31.0,28.0,7.0,599.0,17.0,23.0,44.0,86.0
253.04062,119.0,35.42816,31.0,28.0,7.0,599.0,17.0,23.0,44.0,86.0
253.61052,119.0,35.44467,31.0,28.0,7.0,599.0,17.0,23.0,44.0,86.0
254.18044,119.0,35.46039,31.0,28.0,7.0,599.0,17.0,23.0,44.0,86.0
254.75035,119.0,35.47585,31.0,28.0,7.0,599.0,17.0,23.0,44.0,86.0
255.32025,119.0,35.49179,31.0,28.0,7.0,599.0,17.0,23.0,44.0,86.0
255.89017,119.0,35.50709,31.0,28.0,7.0,599.0,17.0,23.0,44.0,86.0
256.46008,119.0,35.52201,31.0,28.0,7.0,599.0,17.0,23.0,44.0,86.0
257.03,119.0,35.53787,31.0,28.0,7.0,599.0,17.0,23.0,44.0,86.0
257.5999,119.0,35.55259,31.0,28.0,7.0,599.0,17.0,23.0,44.0,86.0
258.1698,119.0,35.567,31.0,28.0,7.0,599.0,17.0,23.0,44.0,86.0
258.73972,120.0,35.58332,31.0,28.0,7.0,599.0,17.0,23.0,44.0,86.0
259.30963,120.0,35.59776,31.0,28.0,7.0,599.0,17.0,23.0,44.0,86.0
259.87955,120.0,35.61349,31.0,28.0,7.0,599.0,17.0,23.0,44.0,86.0
260.44946,120.0,35.62932,31.0,28.0,7.0,600.0,17.0,23.0,44.0,86.0
261.01938,120.0,35.64491,31.0,28.0,7.0,600.0,17.0,23.0,44.0,86.0
261.5893,120.0,35.66029,31.0,28.0,7.0,600.0,17.0,23.0,44.0,86.0
262.15918,120.0,35.67534,31.0,28.0,7.0,600.0,17.0,23.0,44.0,86.0
262.7291,120.0,35.69132,31.0,28.0,7.0,600.0,17.0,23.0,44.0,86.0
263.299,120.0,35.7067,31.0,28.0,7.0,600.0,17.0,23.0,44.0,86.0
263.86893,120.0,35.72238,31.0,28.0,7.0,600.0,17.0,23.0,44.0,86.0
264.43884,120.0,35.73631,31.0,28.0,7.0,600.0,17.0,23.0,44.0,87.0
265.00876,120.0,35.75038,31.0,28.0,7.0,600.0,17.0,23.0,44.0,87.0
265.57867,120.0,35.76501,31.0,28.0,7.0,600.0,17.0,23.0,44.0,87.0
266.14856,120.0,35.77978,31.0,28.0,7.0,600.0,17.0,23.0,44.0,87.0
266.71848,120.0,35.79474,31.0,28.0,7.0,600.0,17.0,23.0,44.0,87.0
267.2884,120.0,35.80984,31.0,28.0,7.0,600.0,17.0,23.0,44.0,87.0
267.8583,120.0,35.82451,31.0,28.0,7.0,601.0,17.0,23.0,44.0,87.0
268.42822,120.0,35.83873,31.0,27.0,7.0,601.0,17.0,23.0,44.0,87.0
268.99814,120.0,35.85339,31.0,27.0,7.0,601.0,17.0,23.0,44.0,87.0
269.56802,120.0,35.8683,31.0,27.0,7.0,601.0,17.0,23.0,44.0,87.0
270.13794,120.0,35.88236,31.0,28.0,7.0,601.0,17.0,23.0,44.0,87.0
270.70786,120.0,35.89659,31.0,27.0,7.0,602.0,17.0,23.0,44.0,87.0
271.27777,120.0,35.9112,31.0,27.0,7.0,602.0,17.0,23.0,44.0,87.0
271.8477,120.0,35.9259,31.0,27.0,7.0,602.0,17.0,23.0,44.0,87.0
272.4176,120.0,35.94082,31.0,28.0,7.0,602.0,17.0,23.0,44.0,87.0
272.98752,120.0,35.95562,31.0,28.0,7.0,602.0,17.0,23.0,44.0,87.0
273.5574,120.0,35.97113,31.0,28.0,7.0,602.0,17.0,23.0,44.0,87.0
274.12732,120.0,35.98673,31.0,28.0,7.0,602.0,17.0,23.0,44.0,87.0
274.69724,120.0,36.00118,31.0,28.0,7.0,602.0,17.0,23.0,44.0,87.0
275.26715,120.0,36.0157,31.0,28.0,7.0,602.0,17.0,23.0,44.0,87.0
275.83707,120.0,36.03041,31.0,28.0,7.0,602.0,17.0,23.0,44.0,88.0
276.40698,120.0,36.04616,31.0,28.0,7.0,603.0,17.0,23.0,44.0,88.0
276.9769,120.0,36.0605,31.0,28.0,7.0,603.0,17.0,23.0,44.0,88.0
277.54678,120.0,36.07526,31.0,28.0,7.0,603.0,17.0,23.0,44.0,88.0
278.1167,120.0,36.08927,31.0,28.0,7.0,603.0,17.0,23.0,45.0,88.0
278.6866,120.0,36.10321,31.0,28.0,7.0,603.0,17.0,23.0,45.0,88.0
279.25653,120.0,36.11848,31.0,28.0,7.0,603.0,17.0,23.0,45.0,88.0
279.82645,120.0,36.13334,31.0,28.0,7.0,603.0,17.0,23.0,45.0,88.0
280.39636,120.0,36.14798,31.0,29.0,7.0,603.0,17.0,23.0,45.0,88.0
280.96628,120.0,36.16169,31.0,28.0,7.0,603.0,17.0,23.0,45.0,88.0
281.53616,120.0,36.17598,31.0,28.0,7.0,603.0,17.0,23.0,45.0,88.0
282.10608,120.0,36.19029,32.0,28.0,7.0,603.0,17.0,23.0,45.0,88.0
282.676,120.0,36.20449,32.0,28.0,7.0,603.0,17.0,23.0,45.0,88.0
283.2459,120.0,36.21968,32.0,28.0,7.0,604.0,17.0,24.0,45.0,88.0
283.81583,120.0,36.23362,32.0,28.0,7.0,604.0,17.0,24.0,45.0,88.0
284.38574,120.0,36.24844,32.0,28.0,7.0,604.0,17.0,24.0,45.0,88.0
